cid,smiles,_recommend_original_order,_cid_key,excel_cid,excel_formula,excel_SMILES,excel_fingerprint,excel_topological,excel_weight,excel_heavy_atom,excel_label,excel_CAS,excel_price,excel_link,excel__excel_original_order,sim_to_NP1,sim_to_NP2,sim_to_NP3,sim_to_NP4,sim_to_NP5,sim_to_NP6,sim_to_NP7,assigned_prototype,assigned_prototype_label,max_prototype_similarity,similarity_rank,x,x_label
11522786,B(C1=CC=C(C=C1)Cl)(C2=CC=C(C=C2)Cl)OCC3=CN=CN3,39,11522786,11522786,C16H13BCl2N2O,B(C1=CC=C(C=C1)Cl)(C2=CC=C(C=C2)Cl)OCC3=CN=CN3,,0.0,331.0,22,2,872044-92-3,,,17,0.009838872,0.83243436,0.050702415,-0.014296664,-0.2810226,-0.17264874,-0.01836284,2,NP2,0.83243436,1,1,11522786
15158954,B(CC)(CC)C1=CN=CN=C1,64,15158954,15158954,C8H13BN2,B(CC)(CC)C1=CN=CN=C1,,0.0,148.02,11,2,139298-13-8,,,16,0.015224416,0.8277093,0.039795138,-0.009746623,-0.2766145,-0.14163163,-0.036147673,2,NP2,0.8277093,2,2,15158954
22663171,B(CC)(CC)C1=CC(=CN=C1)SC,31,22663171,22663171,C10H16BNS,B(CC)(CC)C1=CC(=CN=C1)SC,,0.0,193.12,13,2,141938-41-2,,,18,0.026956057,0.82762283,0.035155606,0.045611676,-0.33814746,-0.13210508,-0.035841376,2,NP2,0.82762283,3,3,22663171
68979,B(C)(C)C,11,68979,68979,C3H9B,B(C)(C)C,,0.0,55.92,4,1,593-90-8,,,13,0.82177204,0.025345009,0.03956887,-0.10796984,-0.28863746,-0.11572292,-0.035913132,1,NP1,0.82177204,4,4,68979
66709077,B(C1=CN(N=C1)C)(OCC)OCC,33,66709077,66709077,C8H15BN2O2,B(C1=CN(N=C1)C)(OCC)OCC,00000371C2733000000000000000000000000000000160000000000000000000000000018000281E00080000000800E192062E8092080000A200106744009004001180001050202844100000804041400484080008004000000000000000000000000000000000000000000000000000000000,36.3,182.1226579,13,2,1392108-88-1,,,15,0.005507955,0.82168984,0.008636617,0.04658676,-0.29089978,-0.09084628,-0.06171836,2,NP2,0.82168984,5,5,66709077
11050988,B(C1=C2C(=C(C(=C1F)F)F)C(=C(C(=C2F)F)F)F)(C3=C4C(=C(C(=C3F)F)F)C(=C(C(=C4F)F)F)F)C5=C6C(=C(C(=C5F)F)F)C(=C(C(=C6F)F)F)F,48,11050988,11050988,C30BF21,B(C1=C2C(=C(C(=C1F)F)F)C(=C(C(=C2F)F)F)F)(C3=C4C(=C(C(=C3F)F)F)C(=C(C(=C4F)F)F)F)C5=C6C(=C(C(=C5F)F)F)C(=C(C(=C6F)F)F)F,,0.0,770.1,52,6,190282-03-2,,,47,-0.22330566,-0.23023114,-0.30631188,-0.17692624,0.11827585,0.81985205,-0.33038878,6,NP6,0.81985205,6,6,11050988
138247,B(C)(C)OC,13,138247,138247,C3H9BO,B(C)(C)OC,,0.0,71.92,5,1,4443-43-0,,,10,0.819822,0.019620474,0.029609088,-0.11312136,-0.26266286,-0.12322269,-0.044369474,1,NP1,0.819822,7,7,138247
10876447,B(C1=C(C2=C(C(=C1F)F)C(=C(C(=C2F)F)F)F)F)(C3=C(C4=C(C(=C3F)F)C(=C(C(=C4F)F)F)F)F)C5=C(C6=C(C(=C5F)F)C(=C(C(=C6F)F)F)F)F,27,10876447,10876447,C30BF21,B(C1=C(C2=C(C(=C1F)F)C(=C(C(=C2F)F)F)F)F)(C3=C(C4=C(C(=C3F)F)C(=C(C(=C4F)F)F)F)F)C5=C(C6=C(C(=C5F)F)C(=C(C(=C6F)F)F)F)F,,0.0,770.1,52,6,204930-04-1,,,49,-0.21999404,-0.22698103,-0.30300537,-0.18368998,0.11374641,0.8165456,-0.32341447,6,NP6,0.8165456,8,8,10876447
78020,B(O[Si](C)(C)C)(O[Si](C)(C)C)O[Si](C)(C)C,22,78020,78020,C9H27BO3Si3,B(O[Si](C)(C)C)(O[Si](C)(C)C)O[Si](C)(C)C,00000371E270300C0000000000000000000000000000000000000000000000000000000000000810100000400000000000004200000000010000000000000000000000000000000000000000000000000000000000000000000000000000000000000000000000000000000000000000000000,27.7,278.1361045,16,1,4325-85-3,,,4,0.8143486,0.0062999665,0.03324189,-0.079417214,-0.28405073,-0.084481865,-0.047872867,1,NP1,0.8143486,9,9,78020
71390453,B(C1=CC=CC=C1C=C)(O[Si](C)(C)C)O[Si](C)(C)C,19,71390453,71390453,C14H25BO2Si2,B(C1=CC=CC=C1C=C)(O[Si](C)(C)C)O[Si](C)(C)C,00000371E270300C000000000000000000000000000000000000300000000000000000010000281810000040000C008018007200800000018002204200000200002000000888000000880820228011108020002080000888070080000E00000000000000000000000000000000000000000000,18.5,292.1486133,19,1,62043-03-2,,,3,0.8121702,-0.025850458,0.05292756,-0.16939436,-0.26671037,-0.1850279,0.011789729,1,NP1,0.8121702,10,10,71390453
11090867,B(OC(=O)C)(OC(=O)C)OC(=O)C1=CN(C2=CC(=C(C=C2C1=O)F)Cl)C3CC3,34,11090867,11090867,C17H14BClFNO7,B(OC(=O)C)(OC(=O)C)OC(=O)C1=CN(C2=CC(=C(C=C2C1=O)F)Cl)C3CC3,00000371C27A3900040000000000000000001800000000000000304000000000000000810000081F02000000000C2EC1982C32C8830000008802A4D648008200002507000088010866C808243EC9969184218864A000C8C9C798D9A39E04000000020200000800000004040000000000000000,99.2,409.0535878,28,1,119618-67-6,,,0,0.81146127,-0.012759133,0.034211457,-0.1225123,-0.2604591,-0.11270222,-0.040336806,1,NP1,0.81146127,11,11,11090867
12159360,B(C1=C(C(=C(C(=C1F)F)F)F)B(C2=C(C(=C(C(=C2F)F)F)F)F)C3=C(C(=C(C(=C3F)F)F)F)F)(C4=C(C(=C(C(=C4F)F)F)F)F)C5=C(C(=C(C(=C5F)F)F)F)F,53,12159360,12159360,C30B2F24,B(C1=C(C(=C(C(=C1F)F)F)F)B(C2=C(C(=C(C(=C2F)F)F)F)F)C3=C(C(=C(C(=C3F)F)F)F)F)(C4=C(C(=C(C(=C4F)F)F)F)F)C5=C(C(=C(C(=C5F)F)F)F)F,,0.0,837.9,56,6,223769-13-9,,,60,-0.2125918,-0.21465228,-0.2904152,-0.17902969,0.10098389,0.8109764,-0.3186142,6,NP6,0.8109764,12,12,12159360
582056,B(C1=C(C(=C(C(=C1F)F)F)F)F)(C2=C(C(=C(C(=C2F)F)F)F)F)C3=C(C(=C(C(=C3F)F)F)F)F,62,582056,582056,C18BF15,B(C1=C(C(=C(C(=C1F)F)F)F)F)(C2=C(C(=C(C(=C2F)F)F)F)F)C3=C(C(=C(C(=C3F)F)F)F)F,00000371027801C00000000000000000000000000000000000003060C00000000000000150002009000000000008000010080000800000008000004000000200002000000088000000880820228010108020002080000888070000000000000000000000000000000000000000000000000000,0.0,511.9853526,34,6,1109-15-5,,,41,-0.21253854,-0.21443161,-0.28972113,-0.18029745,0.09993821,0.81005937,-0.31530058,6,NP6,0.81005937,13,13,582056
10959856,B(C1=C(C(=C(C(=C1F)F)F)F)F)(C2=C(C(=C(C(=C2F)F)F)F)F)Cl,77,10959856,10959856,C12BClF10,B(C1=C(C(=C(C(=C1F)F)F)F)F)(C2=C(C(=C(C(=C2F)F)F)F)F)Cl,,0.0,380.38,24,6,2720-03-8,,,44,-0.21038212,-0.2149513,-0.2879817,-0.17849696,0.09717194,0.8088399,-0.31301,6,NP6,0.8088399,14,14,10959856
4438527,[B-](C1=C(C(=C(C(=C1F)F)F)F)F)(C2=C(C(=C(C(=C2F)F)F)F)F)(C3=C(C(=C(C(=C3F)F)F)F)F)C4=C(C(=C(C(=C4F)F)F)F)F,54,4438527,4438527,C24BF20-,[B-](C1=C(C(=C(C(=C1F)F)F)F)F)(C2=C(C(=C(C(=C2F)F)F)F)F)(C3=C(C(=C(C(=C3F)F)F)F)F)C4=C(C(=C(C(=C4F)F)F)F)F,,0.0,679.0,45,6,47855-94-7,,,67,-0.21004215,-0.21284857,-0.28716627,-0.17787835,0.09586864,0.8084469,-0.3150616,6,NP6,0.8084469,15,15,4438527
71428744,B(C1=CC(=C(C(=C1F)F)F)F)(C2=C(C(=C(C(=C2F)F)F)F)F)C3=C(C(=C(C(=C3F)F)F)F)F,16,71428744,71428744,C18HBF14,B(C1=CC(=C(C(=C1F)F)F)F)(C2=C(C(=C(C(=C2F)F)F)F)F)C3=C(C(=C(C(=C3F)F)F)F)F,,0.0,494.0,33,6,916442-23-4,,,50,-0.2111309,-0.21018377,-0.28620252,-0.1809621,0.09661711,0.808264,-0.31267977,6,NP6,0.808264,16,16,71428744
25068199,B(OC(=O)C)(OC(=O)C)OC(=O)C1=CN(C2=C(C1=O)C=CC(=C2OC)F)C3CC3,49,25068199,25068199,C18H17BFNO8,B(OC(=O)C)(OC(=O)C)OC(=O)C1=CN(C2=C(C1=O)C=CC(=C2OC)F)C3CC3,,0.0,405.1,29,1,951163-66-9,,,14,0.8071502,-0.013902567,0.029763117,-0.1021494,-0.25243467,-0.10303772,-0.061016664,1,NP1,0.8071502,17,17,25068199
23115783,B(C1=C(C=C(C=C1C)C)C)(C2=C(C=C(C=C2C)C)C)C3=C4C=CC=CC4=C(C5=CC=CC=C35)C6=CC=CC=C6,50,23115783,23115783,C38H35B,B(C1=C(C=C(C=C1C)C)C)(C2=C(C=C(C=C2C)C)C)C3=C4C=CC=CC4=C(C5=CC=CC=C35)C6=CC=CC=C6,,0.0,502.5,39,3,281668-51-7,,,22,0.06755535,0.042800095,0.80706763,-0.16007702,-0.25805914,-0.21059299,-0.019402103,3,NP3,0.80706763,18,18,23115783
71420187,B(C1=C(C2=CC=CC=C2C=C1)C3=CC=CC4=CC=CC=C43)(C5=C(C(=C(C(=C5F)F)F)F)F)C6=C(C(=C(C(=C6F)F)F)F)F,5,71420187,71420187,C32H13BF10,B(C1=C(C2=CC=CC=C2C=C1)C3=CC=CC4=CC=CC=C43)(C5=C(C(=C(C(=C5F)F)F)F)F)C6=C(C(=C(C(=C6F)F)F)F)F,,0.0,598.2,43,6,820972-26-7,,,51,-0.21837695,-0.22248904,-0.27061403,-0.17197606,0.09538452,0.8070155,-0.30451444,6,NP6,0.8070155,19,19,71420187
11115716,B(C)(C1=C(C(=C(C(=C1F)F)F)F)F)C2=C(C(=C(C(=C2F)F)F)F)F,36,11115716,11115716,C13H3BF10,B(C)(C1=C(C(=C(C(=C1F)F)F)F)F)C2=C(C(=C(C(=C2F)F)F)F)F,,0.0,359.96,24,6,170151-48-1,,,45,-0.2073789,-0.20760663,-0.28533316,-0.17706726,0.09229512,0.8066543,-0.31299117,6,NP6,0.8066543,20,20,11115716
18329245,B(OCCC(C(C(C(C(C(F)(F)F)(F)F)(F)F)(F)F)(F)F)(F)F)(OCCC(C(C(C(C(C(F)(F)F)(F)F)(F)F)(F)F)(F)F)(F)F)OCCC(C(C(C(C(C(F)(F)F)(F)F)(F)F)(F)F)(F)F)(F)F,30,18329245,18329245,C24H12BF39O3,B(OCCC(C(C(C(C(C(F)(F)F)(F)F)(F)F)(F)F)(F)F)(F)F)(OCCC(C(C(C(C(C(F)(F)F)(F)F)(F)F)(F)F)(F)F)(F)F)OCCC(C(C(C(C(C(F)(F)F)(F)F)(F)F)(F)F)(F)F)(F)F,,0.0,1100.1,67,6,213974-85-7,,,62,-0.21484165,-0.20544039,-0.28242072,-0.17344862,0.091286115,0.8066335,-0.3113482,6,NP6,0.8066335,21,21,18329245
57041839,B(C1=CC(=CC=C1)C=C)(O[Si](C)(C)C)O[Si](C)(C)C,41,57041839,57041839,C14H25BO2Si2,B(C1=CC(=CC=C1)C=C)(O[Si](C)(C)C)O[Si](C)(C)C,00000371E270300C000000000000000000000000000000000000300000000000000000010000281810000040000C008018007200800000018002204200000200002000000888000000880820228011108020002080000888070080000E00000000000000000000000000000000000000000000,18.5,292.1486133,19,1,62043-02-1,,,2,0.80600876,-0.03113537,0.04817861,-0.16556872,-0.25500876,-0.191763,0.005944226,1,NP1,0.80600876,22,22,57041839
11727684,[B](C1=C(C(=C(C(=C1F)F)F)F)F)C2=C(C(=C(C(=C2F)F)F)F)F,9,11727684,11727684,C12BF10,[B](C1=C(C(=C(C(=C1F)F)F)F)F)C2=C(C(=C(C(=C2F)F)F)F)F,00000371027001C00000000000000000000000000000000000003060000000000000000140002009000000000008000010080000800000008000004000000200002000000088000000880820228010108020002080000888070000000000000000000000000000000000000000000000000000,0.0,344.9933368,23,6,165612-94-2,3750/g,165612-94-2_165612-94-2厂家、报价、现货 - 百灵威,42,-0.20712128,-0.20385848,-0.2839054,-0.17198756,0.08912805,0.8056677,-0.31397423,6,NP6,0.8056677,23,23,11727684
71447200,B(C(C(C(C(C(C(F)(F)F)(F)F)(F)F)(F)F)(F)F)(F)F)(F)F,32,71447200,71447200,C6BF15,B(C(C(C(C(C(C(F)(F)F)(F)F)(F)F)(F)F)(F)F)(F)F)(F)F,,0.0,367.85,22,6,329009-01-0,,,52,-0.21108285,-0.20079362,-0.2798139,-0.17295271,0.088059336,0.8052476,-0.31108022,6,NP6,0.8052476,24,24,71447200
11327649,B(C1=CC=CC=C1)(C2=C(C(=C(C(=C2F)F)F)F)F)C3=C(C(=C(C(=C3F)F)F)F)F,69,11327649,11327649,C18H5BF10,B(C1=CC=CC=C1)(C2=C(C(=C(C(=C2F)F)F)F)F)C3=C(C(=C(C(=C3F)F)F)F)F,,0.0,422.0,29,6,148892-98-2,,,56,-0.21235548,-0.21330026,-0.2811593,-0.18211617,0.09153543,0.80516845,-0.30952102,6,NP6,0.80516845,25,25,11327649
13789232,B(C1=CC=CC=C1B(Cl)Cl)(Cl)Cl,25,13789232,13789232,C6H4B2Cl4,B(C1=CC=CC=C1B(Cl)Cl)(Cl)Cl,,0.0,239.5,12,1,107134-81-6,,,12,0.8051367,0.06196086,0.19602929,-0.2456863,-0.4369238,-0.29198852,0.20956925,1,NP1,0.8051367,26,26,13789232
22338812,B(OC1=C(CCC2=C1C=CC(=C2)OC)C(=O)C)(F)F,3,22338812,22338812,C13H13BF2O3,B(OC1=C(CCC2=C1C=CC(=C2)OC)C(=O)C)(F)F,00000371C27031800000000000000000000000000000000000003040000000000000008100000C1A00000000000C048098023206800004008802A05200000208002020000888010608C80C263284311A80302024C01108A90788E8FC8EA0000100001000004000020000200000000000000000,35.5,266.0925808,19,1,55923-08-5,,,7,0.8051332,0.008170412,0.029911697,-0.15410343,-0.2988557,-0.070699826,-0.037018787,1,NP1,0.8051332,27,27,22338812
425307,B(OC(=O)C)(OC(=O)C)OC(=O)C,8,425307,425307,C6H9BO6,B(OC(=O)C)(OC(=O)C)OC(=O)C,00000371C2603800000000000000000000000000000000000000000000000000000000000000081A000000000000008080000208000000000800009008000000000000000000000000000000000000000000000000000000000000000000000000000000000000000000000000000000000000,78.9,188.0492182,13,1,4887-24-5,,,5,0.80499405,-0.022534622,0.026970515,-0.16560267,-0.20729181,-0.13484414,-0.04418635,1,NP1,0.80499405,28,28,425307
2736203,B(OC(C(F)(F)F)C(F)(F)F)(OC(C(F)(F)F)C(F)(F)F)OC(C(F)(F)F)C(F)(F)F,2,2736203,2736203,C9H3BF18O3,B(OC(C(F)(F)F)C(F)(F)F)(OC(C(F)(F)F)C(F)(F)F)OC(C(F)(F)F)C(F)(F)F,,0.0,511.9,31,6,6919-80-8,102.9/100mg,6919-80-8 的搜索结果,63,-0.20187286,-0.20297216,-0.2883137,-0.15367623,0.08348346,0.80484116,-0.32322618,6,NP6,0.80484116,29,29,2736203
75360847,B(OCC(C(F)(F)F)(F)F)(OCC(C(F)(F)F)(F)F)OCC(C(F)(F)F)(F)F,29,75360847,75360847,C9H6BF15O3,B(OCC(C(F)(F)F)(F)F)(OCC(C(F)(F)F)(F)F)OCC(C(F)(F)F)(F)F,00000371827031C0000000000000000000000000000000000000000000000000000000000000081B00000000000800A080120000000000000000000000000000000000000000000000000000000000000000000000000000000000000000000000000000000000000000000000000000000000,27.7,458.0170466,28,6,2003-04-5,1430/250mg,2003-04-5_2003-04-5厂家、报价、现货 - 百灵威,43,-0.20329326,-0.2015835,-0.28398943,-0.14256972,0.080827706,0.804656,-0.32212037,6,NP6,0.804656,30,30,75360847
15520532,B(C)(C)C1=C(C(=C(C(=C1F)F)F)F)F,44,15520532,15520532,C8H6BF5,B(C)(C)C1=C(C(=C(C(=C1F)F)F)F)F,,0.0,207.94,14,6,363596-54-7,,,48,-0.2010303,-0.2054165,-0.28376678,-0.17544702,0.088125035,0.8046157,-0.31080663,6,NP6,0.8046157,31,31,15520532
15605783,B(C1=C(C(=C(C(=C1F)F)F)F)F)(OC(C)C)OC(C)C,43,15605783,15605783,C12H14BF5O2,B(C1=C(C(=C(C(=C1F)F)F)F)F)(OC(C)C)OC(C)C,00000371C27031C0000000000000000000000000000000000000300000000000000000010000281B00000000000814A0900A0200800000008000004000000200002000000088000000880820228010108020002080000888070000000000000000000000000000000000000000000000000000,18.5,296.1007007,20,6,267006-38-2,,,39,-0.199747,-0.2125199,-0.29057273,-0.16432638,0.08698343,0.8044784,-0.31338504,6,NP6,0.8044784,32,32,15605783
54472851,B(OCC(C(C(F)(F)F)(F)F)(F)F)(OCC(C(C(F)(F)F)(F)F)(F)F)OCC(C(C(F)(F)F)(F)F)(F)F,47,54472851,54472851,C12H6BF21O3,B(OCC(C(C(F)(F)F)(F)F)(F)F)(OCC(C(C(F)(F)F)(F)F)(F)F)OCC(C(C(F)(F)F)(F)F)(F)F,,0.0,607.95,37,6,755-53-3,3784/g,755-53-3_755-53-3厂家、报价、现货 - 百灵威,64,-0.20734183,-0.20109631,-0.28230336,-0.15749718,0.08309265,0.8043332,-0.31543827,6,NP6,0.8043332,33,33,54472851
71350376,B(C=CC1=CC=CC=C1)(C2=C(C(=C(C(=C2F)F)F)F)F)C3=C(C(=C(C(=C3F)F)F)F)F,18,71350376,71350376,C20H7BF10,B(C=CC1=CC=CC=C1)(C2=C(C(=C(C(=C2F)F)F)F)F)C3=C(C(=C(C(=C3F)F)F)F)F,,0.0,448.1,31,6,165612-90-8,,,53,-0.21128821,-0.21568516,-0.28054196,-0.18767743,0.091757484,0.80394095,-0.30551296,6,NP6,0.80394095,34,34,71350376
517955,B(C)(C)CC,67,517955,517955,C4H11B,B(C)(C)CC,,0.0,69.94,5,1,1113-22-0,,,9,0.80289143,-0.01445186,0.010702183,-0.09106358,-0.21555208,-0.16816609,-0.035582434,1,NP1,0.80289143,35,35,517955
52915087,B(OCC(C(F)F)(F)F)(OCC(C(F)F)(F)F)OCC(C(F)F)(F)F,57,52915087,52915087,C9H9BF12O3,B(OCC(C(F)F)(F)F)(OCC(C(F)F)(F)F)OCC(C(F)F)(F)F,,0.0,403.96,25,6,2317-76-2,3388/g,2317-76-2_2317-76-2厂家、报价、现货 - 百灵威,66,-0.18449624,-0.21126862,-0.28736815,-0.13743451,0.076677606,0.80188894,-0.32630086,6,NP6,0.80188894,36,36,52915087
12626668,B(C1=C(C(=C(C(=C1F)F)F)F)F)(Cl)Cl,52,12626668,12626668,C6BCl2F5,B(C1=C(C(=C(C(=C1F)F)F)F)F)(Cl)Cl,,0.0,248.77,14,6,830-48-8,,,46,-0.19029498,-0.20154685,-0.2779794,-0.16575427,0.07818176,0.80061734,-0.30907992,6,NP6,0.80061734,37,37,12626668
15887311,B(OC1=C(C(=C(C(=C1F)F)F)F)F)(OC2=C(C(=C(C(=C2F)F)F)F)F)OC3=C(C(=C(C(=C3F)F)F)F)F,65,15887311,15887311,C18BF15O3,B(OC1=C(C(=C(C(=C1F)F)F)F)F)(OC2=C(C(=C(C(=C2F)F)F)F)F)OC3=C(C(=C(C(=C3F)F)F)F)F,,0.0,560.0,37,6,146355-12-6,,,65,-0.19241703,-0.19490497,-0.2734379,-0.16557942,0.07226531,0.797373,-0.30565232,6,NP6,0.797373,38,38,15887311
12418354,B(C1=CC=CC=C1)(O[Si](C)(C)C)O[Si](C)(C)C,42,12418354,12418354,C12H23BO2Si2,B(C1=CC=CC=C1)(O[Si](C)(C)C)O[Si](C)(C)C,00000371E270300C0000000000000000000000000000000000003000000000000000000100002818100000400008008010007200800000018000204200000200002000000888000000880820228011108020002080000888070000000000000000000000000000000000000000000000000000,18.5,266.1329632,17,1,7560-51-2,,,6,0.7973033,-0.040877644,0.07001129,-0.17710021,-0.25003532,-0.22757213,0.033559337,1,NP1,0.7973033,39,39,12418354
4121732,B(N1CCCC1)(N2CCCC2)N3CCCC3,24,4121732,4121732,C12H24BN3,B(N1CCCC1)(N2CCCC2)N3CCCC3,,0.0,221.15,16,6,4426-24-8,391.9/g,4426-24-8 的搜索结果,55,-0.15707222,-0.30865338,-0.31715995,-0.17433982,0.1499633,0.79679537,-0.38747203,6,NP6,0.79679537,40,40,4121732
18373965,B(C1=C(C(=C(C(=C1F)F)F)F)F)(OC)OC,6,18373965,18373965,C8H6BF5O2,B(C1=C(C(=C(C(=C1F)F)F)F)F)(OC)OC,00000371827031C0000000000000000000000000000000000000300000000000000000010000281B0000000000080000100A0200800000008000004000000200002000000088000000880820228010108020002080000888070000000000000000000000000000000000000000000000000000,18.5,240.0381004,16,6,848609-02-9,,,40,-0.17832924,-0.19515415,-0.27923915,-0.1534034,0.06691978,0.7956427,-0.3086216,6,NP6,0.7956427,41,41,18373965
3599767,B(OCC(F)(F)F)(OCC(F)(F)F)OCC(F)(F)F,20,3599767,3599767,C6H6BF9O3,B(OCC(F)(F)F)(OCC(F)(F)F)OCC(F)(F)F,,0.0,307.91,19,6,659-18-7,45.9/200mg,659-18-7 的搜索结果,61,-0.16529627,-0.19087687,-0.27844188,-0.11803224,0.055901058,0.7924919,-0.31795022,6,NP6,0.7924919,42,42,3599767
15877487,B(C1=CC=CC=C1OC)(OC)OC,26,15877487,15877487,C9H13BO3,B(C1=CC=CC=C1OC)(OC)OC,00000371C2703000000000000000000000000000000000000000300000000000000000010000281A000000000008048090023206800004008000204200000208002020000888000608880C262284311A80302024C01108A8078040000000000000000000000000000000000000000000000000,27.7,180.0957744,13,1,253280-01-2,,,1,0.7923679,0.103945695,0.17682128,-0.24727166,-0.38584572,-0.32056388,0.15195423,1,NP1,0.7923679,43,43,15877487
25112575,B1(OC(C(O1)(C)C)(C)C)C2=CC3=C(C4=CC=CC=C4C(=C3C=C2)C5=CC6=CC=CC=C6C=C5)C7=CC8=CC=CC=C8C=C7,45,25112575,25112575,C40H33BO2,B1(OC(C(O1)(C)C)(C)C)C2=CC3=C(C4=CC=CC=C4C(=C3C=C2)C5=CC6=CC=CC=C6C=C5)C7=CC8=CC=CC=C8C=C7,00000371F27C30000000000000000000000000000001200000003060C1830000000000C15400281A00000000000C448098003200C00000008002204200000200002000000888000000880920228011108020002080000888070080C00EC0000200001000008000040000200000000000000000,18.5,556.2573605,43,3,624744-67-8,100.9/250mg,624744-67-8 的搜索结果,19,0.05361046,0.014269345,0.7904896,-0.21114212,-0.2308733,-0.20171107,-0.017447714,3,NP3,0.7904896,44,44,25112575
22722373,B(C1=CC=CC=C1)(C2=CC=CC=C2)C3=C(C(=C(C(=C3F)F)F)F)F,51,22722373,22722373,C18H10BF5,B(C1=CC=CC=C1)(C2=CC=CC=C2)C3=C(C(=C(C(=C3F)F)F)F)F,,0.0,332.1,24,6,154735-10-1,,,59,-0.22335224,-0.21603777,-0.25857842,-0.20372635,0.07589645,0.7892118,-0.28259817,6,NP6,0.7892118,45,45,22722373
58489416,B1(OC(C(O1)(C)C)(C)C)C2=CC(=CC=C2)C3=CC4=C(C=C3)C5=CC=CC=C5C6=CC=CC=C64,35,58489416,58489416,C30H27BO2,B1(OC(C(O1)(C)C)(C)C)C2=CC(=CC=C2)C3=CC4=C(C=C3)C5=CC=CC=C5C6=CC=CC=C64,00000371E27830000000000000000000000000000001200000003060C1830000000000C15400281A00000000000C448098003200C00000008002204200000200002000000888000000880920228011108020002080000888070080C00EC0000200001000008000040000200000000000000000,18.5,430.2104103,33,3,1115639-92-3,319.9/200mg,1115639-92-3 的搜索结果,21,0.047723643,0.014093167,0.78825617,-0.19844158,-0.24217354,-0.18267064,-0.01757213,3,NP3,0.78825617,46,46,58489416
144241,B(N=C(C(F)(F)F)C(F)(F)F)(N(C)C)N(C)C,55,144241,144241,C7H12BF6N3,B(N=C(C(F)(F)F)C(F)(F)F)(N(C)C)N(C)C,,0.0,262.99,17,6,67395-53-3,,,58,-0.14098646,-0.19640361,-0.2776422,-0.1460722,0.04945047,0.78481096,-0.3124605,6,NP6,0.78481096,47,47,144241
58050304,B1(OC(C(O1)(C)C)(C)C)C2=C3C=CC=CC3=C(C4=CC=CC=C24)C5=CC=CC6=CC=CC=C65,0,58050304,58050304,C30H27BO2,B1(OC(C(O1)(C)C)(C)C)C2=C3C=CC=CC3=C(C4=CC=CC=C24)C5=CC=CC6=CC=CC=C65,00000371E27830000000000000000000000000000001200000003060C1830000000000C15400281A00000000000C448098003200C00000008002204200000200002000000888000000880920228011108020002080000888070080C00EC0000200001000008000040000200000000000000000,18.5,430.2104103,33,3,1149804-35-2,198.8/250mg,1149804-35-2 的搜索结果,20,0.03848269,0.0054847286,0.78383,-0.21046406,-0.22234567,-0.20162728,-0.013829724,3,NP3,0.78383,48,48,58050304
4072412,B(B(N1CCCC1)N2CCCC2)(N3CCCC3)N4CCCC4,17,4072412,4072412,C16H32B2N4,B(B(N1CCCC1)N2CCCC2)(N3CCCC3)N4CCCC4,,0.0,302.1,22,6,158752-98-8,,,57,-0.103709966,-0.29820955,-0.30368295,-0.18781987,0.12448334,0.78145653,-0.37798065,6,NP6,0.78145653,49,49,4072412
71384845,B(C(CC)CCCCC)(C(CC)CCCCC)C(CC)CCCCC,66,71384845,71384845,C24H51B,B(C(CC)CCCCC)(C(CC)CCCCC)C(CC)CCCCC,,0.0,350.5,25,5,62594-02-9,,,28,-0.44768274,-0.5192916,-0.3820463,-0.24379808,0.7499092,0.027352192,-0.21080099,5,NP5,0.7499092,50,50,71384845
122587,B(C(C)C(C)C)(C(C)C(C)C)C(C)C(C)C,63,122587,122587,C15H33B,B(C(C)C(C)C)(C(C)C(C)C)C(C)C(C)C,,0.0,224.2,16,5,32327-52-9,,,25,-0.4245366,-0.53329736,-0.36805016,-0.31710798,0.74952817,0.063559376,-0.21907532,5,NP5,0.74952817,51,51,122587
71346374,[B](N(C(C)C)C(C)C)N(C(C)C)C(C)C,23,71346374,71346374,C12H28BN2,[B](N(C(C)C)C(C)C)N(C(C)C)C(C)C,,0.0,211.18,15,5,151293-65-1,,,33,-0.40310907,-0.5657559,-0.3768328,-0.3079538,0.7494205,0.068316035,-0.22983006,5,NP5,0.7494205,52,52,71346374
108841,B(OCCCCCCCCCCC(C)C)(OCCCCCCCCCCC(C)C)OCCCCCCCCCCC(C)C,59,108841,108841,C39H81BO3,B(OCCCCCCCCCCC(C)C)(OCCCCCCCCCCC(C)C)OCCCCCCCCCCC(C)C,,0.0,608.9,43,5,59802-06-1,,,38,-0.453499,-0.53876215,-0.38791507,-0.23436633,0.7489742,0.036311455,-0.21393959,5,NP5,0.7489742,53,53,108841
219443,B(OC(CC(C)C)CC(C)C)(OC(CC(C)C)CC(C)C)OC(CC(C)C)CC(C)C,73,219443,219443,C27H57BO3,B(OC(CC(C)C)CC(C)C)(OC(CC(C)C)CC(C)C)OC(CC(C)C)CC(C)C,,0.0,440.6,31,5,3088-77-5,1609/g,3088-77-5_3088-77-5厂家、报价、现货 - 百灵威,37,-0.42584792,-0.5146949,-0.36367443,-0.2805981,0.748165,0.04225349,-0.21006975,5,NP5,0.748165,54,54,219443
71384846,B(C(C)CCCCCC)(C(C)CCCCCC)C(C)CCCCCC,68,71384846,71384846,C24H51B,B(C(C)CCCCCC)(C(C)CCCCCC)C(C)CCCCCC,,0.0,350.5,25,5,62594-01-8,,,27,-0.4493913,-0.52330816,-0.38079998,-0.24363749,0.7469909,0.027079374,-0.20607027,5,NP5,0.7469909,55,55,71384846
21424,B(OC(C)CC(C)C)(OC(C)CC(C)C)OC(C)CC(C)C,46,21424,21424,C18H39BO3,B(OC(C)CC(C)C)(OC(C)CC(C)C)OC(C)CC(C)C,,0.0,314.3,22,5,5337-37-1,,,35,-0.40211877,-0.5204838,-0.35432386,-0.29126397,0.7407378,0.037443984,-0.2057218,5,NP5,0.7407378,56,56,21424
13680388,B(CCCCCC)(C(C)C(C)C)C(C)C(C)C,40,13680388,13680388,C16H35B,B(CCCCCC)(C(C)C(C)C)C(C)C(C)C,,0.0,238.3,17,5,16413-17-5,,,26,-0.42284825,-0.52197874,-0.36162698,-0.2999754,0.7400968,0.038848855,-0.19437066,5,NP5,0.7400968,57,57,13680388
71334465,B(CCCCCCCCCCC(C)C)(CCCCCCCCCCC(C)C)CCCCCCCCCCC(C)C,58,71334465,71334465,C39H81B,B(CCCCCCCCCCC(C)C)(CCCCCCCCCCC(C)C)CCCCCCCCCCC(C)C,,0.0,560.9,40,5,106787-52-4,,,29,-0.4578751,-0.53713423,-0.38177216,-0.21061108,0.73744935,0.020476615,-0.20334804,5,NP5,0.73744935,58,58,71334465
352104,B(CCCCCCCCCCCC)(CCCCCCCCCCCC)CCCCCCCCCCCC,37,352104,352104,C36H75B,B(CCCCCCCCCCCC)(CCCCCCCCCCCC)CCCCCCCCCCCC,,0.0,518.799,37,5,14245-38-6,,,32,-0.47556406,-0.5419354,-0.39150855,-0.12667114,0.7332117,0.020268999,-0.21376672,5,NP5,0.7332117,59,59,352104
71386315,B(CCCCCCCC)(CCCCCCCC)C(=CCCCCCC)CCCCCCCC,61,71386315,71386315,C32H65B,B(CCCCCCCC)(CCCCCCCC)C(=CCCCCCC)CCCCCCCC,,0.0,460.7,33,5,62444-57-9,,,30,-0.45701566,-0.5265123,-0.3800854,-0.19105634,0.7300816,0.0051055597,-0.19521044,5,NP5,0.7300816,60,60,71386315
17177,B(OCC(CC)CCCC)(OCC(CC)CCCC)OCC(CC)CCCC,56,17177,17177,C24H51BO3,B(OCC(CC)CCCC)(OCC(CC)CCCC)OCC(CC)CCCC,,0.0,398.5,28,5,2467-13-2,2086.67/250mg,TRIS(2-ETHYLHEXYL) BORATE AldrichCPR | Sigma-Aldrich,34,-0.39046335,-0.5095167,-0.35476258,-0.24665338,0.7240414,-0.0090418495,-0.18309963,5,NP5,0.7240414,61,61,17177
21425,B(OCCCCCCCCCCCCCCCCCC)(OCCCCCCCCCCCCCCCCCC)OCCCCCCCCCCCCCCCCCC,75,21425,21425,C54H111BO3,B(OCCCCCCCCCCCCCCCCCC)(OCCCCCCCCCCCCCCCCCC)OCCCCCCCCCCCCCCCCCC,00000371F27C3000000000000000000000000000000000000000000000000000000000000000081A00000000000800A0800202000000000000000000000000000000000000000000000000000200000000000004000000000180C0A00000000000000000000000000000000000000000000000,27.7,818.8626276,58,5,5337-41-7,189.9/5g,5337-41-7 的搜索结果,24,-0.4378493,-0.53264624,-0.37757418,-0.2629725,0.7137601,0.016143305,-0.18751912,5,NP5,0.7137601,62,62,21425
