similarity_rank,cid,prototype,prototype_label,x_center,bar_width,similarity,assigned_prototype,assigned_prototype_label,max_prototype_similarity
1,11522786,1,NP1,-0.3514285714285714,0.10777142857142856,0.009838871657848358,2,NP2,0.832434356212616
1,11522786,2,NP2,-0.23428571428571426,0.10777142857142856,0.832434356212616,2,NP2,0.832434356212616
1,11522786,3,NP3,-0.11714285714285713,0.10777142857142856,0.05070241540670395,2,NP2,0.832434356212616
1,11522786,4,NP4,0.0,0.10777142857142856,-0.01429666392505169,2,NP2,0.832434356212616
1,11522786,5,NP5,0.11714285714285713,0.10777142857142856,-0.2810226082801819,2,NP2,0.832434356212616
1,11522786,6,NP6,0.23428571428571426,0.10777142857142856,-0.17264874279499054,2,NP2,0.832434356212616
1,11522786,7,NP7,0.3514285714285714,0.10777142857142856,-0.01836284063756466,2,NP2,0.832434356212616
2,15158954,1,NP1,0.6485714285714286,0.10777142857142856,0.015224415808916092,2,NP2,0.8277093172073364
2,15158954,2,NP2,0.7657142857142858,0.10777142857142856,0.8277093172073364,2,NP2,0.8277093172073364
2,15158954,3,NP3,0.8828571428571429,0.10777142857142856,0.03979513794183731,2,NP2,0.8277093172073364
2,15158954,4,NP4,1.0,0.10777142857142856,-0.00974662322551012,2,NP2,0.8277093172073364
2,15158954,5,NP5,1.1171428571428572,0.10777142857142856,-0.2766144871711731,2,NP2,0.8277093172073364
2,15158954,6,NP6,1.2342857142857142,0.10777142857142856,-0.14163163304328918,2,NP2,0.8277093172073364
2,15158954,7,NP7,1.3514285714285714,0.10777142857142856,-0.036147672683000565,2,NP2,0.8277093172073364
3,22663171,1,NP1,1.6485714285714286,0.10777142857142856,0.02695605717599392,2,NP2,0.8276228308677673
3,22663171,2,NP2,1.7657142857142858,0.10777142857142856,0.8276228308677673,2,NP2,0.8276228308677673
3,22663171,3,NP3,1.8828571428571428,0.10777142857142856,0.035155605524778366,2,NP2,0.8276228308677673
3,22663171,4,NP4,2.0,0.10777142857142856,0.0456116758286953,2,NP2,0.8276228308677673
3,22663171,5,NP5,2.117142857142857,0.10777142857142856,-0.33814746141433716,2,NP2,0.8276228308677673
3,22663171,6,NP6,2.2342857142857144,0.10777142857142856,-0.13210508227348328,2,NP2,0.8276228308677673
3,22663171,7,NP7,2.3514285714285714,0.10777142857142856,-0.03584137558937073,2,NP2,0.8276228308677673
4,68979,1,NP1,2.6485714285714286,0.10777142857142856,0.821772038936615,1,NP1,0.821772038936615
4,68979,2,NP2,2.7657142857142856,0.10777142857142856,0.025345008820295334,1,NP1,0.821772038936615
4,68979,3,NP3,2.882857142857143,0.10777142857142856,0.03956887125968933,1,NP1,0.821772038936615
4,68979,4,NP4,3.0,0.10777142857142856,-0.10796984285116196,1,NP1,0.821772038936615
4,68979,5,NP5,3.117142857142857,0.10777142857142856,-0.2886374592781067,1,NP1,0.821772038936615
4,68979,6,NP6,3.2342857142857144,0.10777142857142856,-0.11572291702032089,1,NP1,0.821772038936615
4,68979,7,NP7,3.3514285714285714,0.10777142857142856,-0.0359131321310997,1,NP1,0.821772038936615
5,66709077,1,NP1,3.6485714285714286,0.10777142857142856,0.005507954861968756,2,NP2,0.8216898441314697
5,66709077,2,NP2,3.7657142857142856,0.10777142857142856,0.8216898441314697,2,NP2,0.8216898441314697
5,66709077,3,NP3,3.882857142857143,0.10777142857142856,0.008636617101728916,2,NP2,0.8216898441314697
5,66709077,4,NP4,4.0,0.10777142857142856,0.04658675938844681,2,NP2,0.8216898441314697
5,66709077,5,NP5,4.117142857142857,0.10777142857142856,-0.29089978337287903,2,NP2,0.8216898441314697
5,66709077,6,NP6,4.234285714285714,0.10777142857142856,-0.09084627777338028,2,NP2,0.8216898441314697
5,66709077,7,NP7,4.351428571428571,0.10777142857142856,-0.06171835958957672,2,NP2,0.8216898441314697
6,11050988,1,NP1,4.648571428571429,0.10777142857142856,-0.22330565750598907,6,NP6,0.8198520541191101
6,11050988,2,NP2,4.765714285714286,0.10777142857142856,-0.2302311360836029,6,NP6,0.8198520541191101
6,11050988,3,NP3,4.882857142857143,0.10777142857142856,-0.30631187558174133,6,NP6,0.8198520541191101
6,11050988,4,NP4,5.0,0.10777142857142856,-0.17692624032497406,6,NP6,0.8198520541191101
6,11050988,5,NP5,5.117142857142857,0.10777142857142856,0.11827585101127625,6,NP6,0.8198520541191101
6,11050988,6,NP6,5.234285714285714,0.10777142857142856,0.8198520541191101,6,NP6,0.8198520541191101
6,11050988,7,NP7,5.351428571428571,0.10777142857142856,-0.33038878440856934,6,NP6,0.8198520541191101
7,138247,1,NP1,5.648571428571429,0.10777142857142856,0.8198220133781433,1,NP1,0.8198220133781433
7,138247,2,NP2,5.765714285714286,0.10777142857142856,0.01962047442793846,1,NP1,0.8198220133781433
7,138247,3,NP3,5.882857142857143,0.10777142857142856,0.029609087854623795,1,NP1,0.8198220133781433
7,138247,4,NP4,6.0,0.10777142857142856,-0.11312136054039001,1,NP1,0.8198220133781433
7,138247,5,NP5,6.117142857142857,0.10777142857142856,-0.2626628577709198,1,NP1,0.8198220133781433
7,138247,6,NP6,6.234285714285714,0.10777142857142856,-0.12322268635034561,1,NP1,0.8198220133781433
7,138247,7,NP7,6.351428571428571,0.10777142857142856,-0.044369474053382874,1,NP1,0.8198220133781433
8,10876447,1,NP1,6.648571428571429,0.10777142857142856,-0.21999403834342957,6,NP6,0.8165456056594849
8,10876447,2,NP2,6.765714285714286,0.10777142857142856,-0.2269810289144516,6,NP6,0.8165456056594849
8,10876447,3,NP3,6.882857142857143,0.10777142857142856,-0.3030053675174713,6,NP6,0.8165456056594849
8,10876447,4,NP4,7.0,0.10777142857142856,-0.18368998169898987,6,NP6,0.8165456056594849
8,10876447,5,NP5,7.117142857142857,0.10777142857142856,0.11374641209840775,6,NP6,0.8165456056594849
8,10876447,6,NP6,7.234285714285714,0.10777142857142856,0.8165456056594849,6,NP6,0.8165456056594849
8,10876447,7,NP7,7.351428571428571,0.10777142857142856,-0.32341447472572327,6,NP6,0.8165456056594849
9,78020,1,NP1,7.648571428571429,0.10777142857142856,0.814348578453064,1,NP1,0.814348578453064
9,78020,2,NP2,7.765714285714286,0.10777142857142856,0.0062999664805829525,1,NP1,0.814348578453064
9,78020,3,NP3,7.882857142857143,0.10777142857142856,0.033241890370845795,1,NP1,0.814348578453064
9,78020,4,NP4,8.0,0.10777142857142856,-0.07941721379756927,1,NP1,0.814348578453064
9,78020,5,NP5,8.117142857142857,0.10777142857142856,-0.28405073285102844,1,NP1,0.814348578453064
9,78020,6,NP6,8.234285714285715,0.10777142857142856,-0.0844818651676178,1,NP1,0.814348578453064
9,78020,7,NP7,8.35142857142857,0.10777142857142856,-0.047872867435216904,1,NP1,0.814348578453064
10,71390453,1,NP1,8.64857142857143,0.10777142857142856,0.8121702075004578,1,NP1,0.8121702075004578
10,71390453,2,NP2,8.765714285714285,0.10777142857142856,-0.025850458070635796,1,NP1,0.8121702075004578
10,71390453,3,NP3,8.882857142857143,0.10777142857142856,0.05292756110429764,1,NP1,0.8121702075004578
10,71390453,4,NP4,9.0,0.10777142857142856,-0.1693943589925766,1,NP1,0.8121702075004578
10,71390453,5,NP5,9.117142857142857,0.10777142857142856,-0.2667103707790375,1,NP1,0.8121702075004578
10,71390453,6,NP6,9.234285714285715,0.10777142857142856,-0.18502789735794067,1,NP1,0.8121702075004578
10,71390453,7,NP7,9.35142857142857,0.10777142857142856,0.01178972888737917,1,NP1,0.8121702075004578
11,11090867,1,NP1,9.64857142857143,0.10777142857142856,0.8114612698554993,1,NP1,0.8114612698554993
11,11090867,2,NP2,9.765714285714285,0.10777142857142856,-0.012759133242070675,1,NP1,0.8114612698554993
11,11090867,3,NP3,9.882857142857143,0.10777142857142856,0.03421145677566528,1,NP1,0.8114612698554993
11,11090867,4,NP4,10.0,0.10777142857142856,-0.12251230329275131,1,NP1,0.8114612698554993
11,11090867,5,NP5,10.117142857142857,0.10777142857142856,-0.2604590952396393,1,NP1,0.8114612698554993
11,11090867,6,NP6,10.234285714285715,0.10777142857142856,-0.11270222067832947,1,NP1,0.8114612698554993
11,11090867,7,NP7,10.35142857142857,0.10777142857142856,-0.04033680632710457,1,NP1,0.8114612698554993
12,12159360,1,NP1,10.64857142857143,0.10777142857142856,-0.21259179711341858,6,NP6,0.8109763860702515
12,12159360,2,NP2,10.765714285714285,0.10777142857142856,-0.21465228497982025,6,NP6,0.8109763860702515
12,12159360,3,NP3,10.882857142857143,0.10777142857142856,-0.2904151976108551,6,NP6,0.8109763860702515
12,12159360,4,NP4,11.0,0.10777142857142856,-0.1790296882390976,6,NP6,0.8109763860702515
12,12159360,5,NP5,11.117142857142857,0.10777142857142856,0.1009838879108429,6,NP6,0.8109763860702515
12,12159360,6,NP6,11.234285714285715,0.10777142857142856,0.8109763860702515,6,NP6,0.8109763860702515
12,12159360,7,NP7,11.35142857142857,0.10777142857142856,-0.3186142146587372,6,NP6,0.8109763860702515
13,582056,1,NP1,11.64857142857143,0.10777142857142856,-0.21253854036331177,6,NP6,0.8100593686103821
13,582056,2,NP2,11.765714285714285,0.10777142857142856,-0.21443161368370056,6,NP6,0.8100593686103821
13,582056,3,NP3,11.882857142857143,0.10777142857142856,-0.28972113132476807,6,NP6,0.8100593686103821
13,582056,4,NP4,12.0,0.10777142857142856,-0.18029744923114777,6,NP6,0.8100593686103821
13,582056,5,NP5,12.117142857142857,0.10777142857142856,0.09993820637464523,6,NP6,0.8100593686103821
13,582056,6,NP6,12.234285714285715,0.10777142857142856,0.8100593686103821,6,NP6,0.8100593686103821
13,582056,7,NP7,12.35142857142857,0.10777142857142856,-0.3153005838394165,6,NP6,0.8100593686103821
14,10959856,1,NP1,12.64857142857143,0.10777142857142856,-0.2103821188211441,6,NP6,0.8088399171829224
14,10959856,2,NP2,12.765714285714285,0.10777142857142856,-0.2149513065814972,6,NP6,0.8088399171829224
14,10959856,3,NP3,12.882857142857143,0.10777142857142856,-0.28798168897628784,6,NP6,0.8088399171829224
14,10959856,4,NP4,13.0,0.10777142857142856,-0.17849695682525635,6,NP6,0.8088399171829224
14,10959856,5,NP5,13.117142857142857,0.10777142857142856,0.09717193990945816,6,NP6,0.8088399171829224
14,10959856,6,NP6,13.234285714285715,0.10777142857142856,0.8088399171829224,6,NP6,0.8088399171829224
14,10959856,7,NP7,13.35142857142857,0.10777142857142856,-0.31301000714302063,6,NP6,0.8088399171829224
15,4438527,1,NP1,13.64857142857143,0.10777142857142856,-0.21004214882850647,6,NP6,0.8084468841552734
15,4438527,2,NP2,13.765714285714285,0.10777142857142856,-0.21284857392311096,6,NP6,0.8084468841552734
15,4438527,3,NP3,13.882857142857143,0.10777142857142856,-0.2871662676334381,6,NP6,0.8084468841552734
15,4438527,4,NP4,14.0,0.10777142857142856,-0.17787835001945496,6,NP6,0.8084468841552734
15,4438527,5,NP5,14.117142857142857,0.10777142857142856,0.09586863964796066,6,NP6,0.8084468841552734
15,4438527,6,NP6,14.234285714285715,0.10777142857142856,0.8084468841552734,6,NP6,0.8084468841552734
15,4438527,7,NP7,14.35142857142857,0.10777142857142856,-0.3150615990161896,6,NP6,0.8084468841552734
16,71428744,1,NP1,14.64857142857143,0.10777142857142856,-0.21113090217113495,6,NP6,0.8082640171051025
16,71428744,2,NP2,14.765714285714285,0.10777142857142856,-0.2101837694644928,6,NP6,0.8082640171051025
16,71428744,3,NP3,14.882857142857143,0.10777142857142856,-0.2862025201320648,6,NP6,0.8082640171051025
16,71428744,4,NP4,15.0,0.10777142857142856,-0.18096210062503815,6,NP6,0.8082640171051025
16,71428744,5,NP5,15.117142857142857,0.10777142857142856,0.09661711007356644,6,NP6,0.8082640171051025
16,71428744,6,NP6,15.234285714285715,0.10777142857142856,0.8082640171051025,6,NP6,0.8082640171051025
16,71428744,7,NP7,15.35142857142857,0.10777142857142856,-0.3126797676086426,6,NP6,0.8082640171051025
17,25068199,1,NP1,15.64857142857143,0.10777142857142856,0.8071501851081848,1,NP1,0.8071501851081848
17,25068199,2,NP2,15.765714285714285,0.10777142857142856,-0.013902567327022552,1,NP1,0.8071501851081848
17,25068199,3,NP3,15.882857142857143,0.10777142857142856,0.0297631174325943,1,NP1,0.8071501851081848
17,25068199,4,NP4,16.0,0.10777142857142856,-0.10214939713478088,1,NP1,0.8071501851081848
17,25068199,5,NP5,16.117142857142856,0.10777142857142856,-0.2524346709251404,1,NP1,0.8071501851081848
17,25068199,6,NP6,16.234285714285715,0.10777142857142856,-0.10303772240877151,1,NP1,0.8071501851081848
17,25068199,7,NP7,16.35142857142857,0.10777142857142856,-0.061016663908958435,1,NP1,0.8071501851081848
18,23115783,1,NP1,16.64857142857143,0.10777142857142856,0.06755535304546356,3,NP3,0.8070676326751709
18,23115783,2,NP2,16.765714285714285,0.10777142857142856,0.042800094932317734,3,NP3,0.8070676326751709
18,23115783,3,NP3,16.882857142857144,0.10777142857142856,0.8070676326751709,3,NP3,0.8070676326751709
18,23115783,4,NP4,17.0,0.10777142857142856,-0.1600770205259323,3,NP3,0.8070676326751709
18,23115783,5,NP5,17.117142857142856,0.10777142857142856,-0.25805914402008057,3,NP3,0.8070676326751709
18,23115783,6,NP6,17.234285714285715,0.10777142857142856,-0.21059298515319824,3,NP3,0.8070676326751709
18,23115783,7,NP7,17.35142857142857,0.10777142857142856,-0.01940210349857807,3,NP3,0.8070676326751709
19,71420187,1,NP1,17.64857142857143,0.10777142857142856,-0.21837694942951202,6,NP6,0.8070154786109924
19,71420187,2,NP2,17.765714285714285,0.10777142857142856,-0.22248904407024384,6,NP6,0.8070154786109924
19,71420187,3,NP3,17.882857142857144,0.10777142857142856,-0.27061402797698975,6,NP6,0.8070154786109924
19,71420187,4,NP4,18.0,0.10777142857142856,-0.17197605967521667,6,NP6,0.8070154786109924
19,71420187,5,NP5,18.117142857142856,0.10777142857142856,0.09538452327251434,6,NP6,0.8070154786109924
19,71420187,6,NP6,18.234285714285715,0.10777142857142856,0.8070154786109924,6,NP6,0.8070154786109924
19,71420187,7,NP7,18.35142857142857,0.10777142857142856,-0.30451443791389465,6,NP6,0.8070154786109924
20,11115716,1,NP1,18.64857142857143,0.10777142857142856,-0.20737889409065247,6,NP6,0.8066542744636536
20,11115716,2,NP2,18.765714285714285,0.10777142857142856,-0.20760662853717804,6,NP6,0.8066542744636536
20,11115716,3,NP3,18.882857142857144,0.10777142857142856,-0.28533315658569336,6,NP6,0.8066542744636536
20,11115716,4,NP4,19.0,0.10777142857142856,-0.17706726491451263,6,NP6,0.8066542744636536
20,11115716,5,NP5,19.117142857142856,0.10777142857142856,0.09229511767625809,6,NP6,0.8066542744636536
20,11115716,6,NP6,19.234285714285715,0.10777142857142856,0.8066542744636536,6,NP6,0.8066542744636536
20,11115716,7,NP7,19.35142857142857,0.10777142857142856,-0.3129911720752716,6,NP6,0.8066542744636536
21,18329245,1,NP1,19.64857142857143,0.10777142857142856,-0.21484164893627167,6,NP6,0.806633472442627
21,18329245,2,NP2,19.765714285714285,0.10777142857142856,-0.20544038712978363,6,NP6,0.806633472442627
21,18329245,3,NP3,19.882857142857144,0.10777142857142856,-0.28242072463035583,6,NP6,0.806633472442627
21,18329245,4,NP4,20.0,0.10777142857142856,-0.1734486222267151,6,NP6,0.806633472442627
21,18329245,5,NP5,20.117142857142856,0.10777142857142856,0.09128611534833908,6,NP6,0.806633472442627
21,18329245,6,NP6,20.234285714285715,0.10777142857142856,0.806633472442627,6,NP6,0.806633472442627
21,18329245,7,NP7,20.35142857142857,0.10777142857142856,-0.31134819984436035,6,NP6,0.806633472442627
22,57041839,1,NP1,20.64857142857143,0.10777142857142856,0.8060087561607361,1,NP1,0.8060087561607361
22,57041839,2,NP2,20.765714285714285,0.10777142857142856,-0.03113536909222603,1,NP1,0.8060087561607361
22,57041839,3,NP3,20.882857142857144,0.10777142857142856,0.04817860946059227,1,NP1,0.8060087561607361
22,57041839,4,NP4,21.0,0.10777142857142856,-0.16556872427463531,1,NP1,0.8060087561607361
22,57041839,5,NP5,21.117142857142856,0.10777142857142856,-0.2550087571144104,1,NP1,0.8060087561607361
22,57041839,6,NP6,21.234285714285715,0.10777142857142856,-0.1917629987001419,1,NP1,0.8060087561607361
22,57041839,7,NP7,21.35142857142857,0.10777142857142856,0.005944225937128067,1,NP1,0.8060087561607361
23,11727684,1,NP1,21.64857142857143,0.10777142857142856,-0.20712128281593323,6,NP6,0.8056676983833313
23,11727684,2,NP2,21.765714285714285,0.10777142857142856,-0.20385847985744476,6,NP6,0.8056676983833313
23,11727684,3,NP3,21.882857142857144,0.10777142857142856,-0.28390538692474365,6,NP6,0.8056676983833313
23,11727684,4,NP4,22.0,0.10777142857142856,-0.17198756337165833,6,NP6,0.8056676983833313
23,11727684,5,NP5,22.117142857142856,0.10777142857142856,0.0891280472278595,6,NP6,0.8056676983833313
23,11727684,6,NP6,22.234285714285715,0.10777142857142856,0.8056676983833313,6,NP6,0.8056676983833313
23,11727684,7,NP7,22.35142857142857,0.10777142857142856,-0.3139742314815521,6,NP6,0.8056676983833313
24,71447200,1,NP1,22.64857142857143,0.10777142857142856,-0.2110828459262848,6,NP6,0.8052476048469543
24,71447200,2,NP2,22.765714285714285,0.10777142857142856,-0.20079362392425537,6,NP6,0.8052476048469543
24,71447200,3,NP3,22.882857142857144,0.10777142857142856,-0.27981388568878174,6,NP6,0.8052476048469543
24,71447200,4,NP4,23.0,0.10777142857142856,-0.17295271158218384,6,NP6,0.8052476048469543
24,71447200,5,NP5,23.117142857142856,0.10777142857142856,0.08805933594703674,6,NP6,0.8052476048469543
24,71447200,6,NP6,23.234285714285715,0.10777142857142856,0.8052476048469543,6,NP6,0.8052476048469543
24,71447200,7,NP7,23.35142857142857,0.10777142857142856,-0.3110802173614502,6,NP6,0.8052476048469543
25,11327649,1,NP1,23.64857142857143,0.10777142857142856,-0.21235547959804535,6,NP6,0.8051684498786926
25,11327649,2,NP2,23.765714285714285,0.10777142857142856,-0.21330025792121887,6,NP6,0.8051684498786926
25,11327649,3,NP3,23.882857142857144,0.10777142857142856,-0.28115931153297424,6,NP6,0.8051684498786926
25,11327649,4,NP4,24.0,0.10777142857142856,-0.18211616575717926,6,NP6,0.8051684498786926
25,11327649,5,NP5,24.117142857142856,0.10777142857142856,0.09153542667627335,6,NP6,0.8051684498786926
25,11327649,6,NP6,24.234285714285715,0.10777142857142856,0.8051684498786926,6,NP6,0.8051684498786926
25,11327649,7,NP7,24.35142857142857,0.10777142857142856,-0.30952101945877075,6,NP6,0.8051684498786926
26,13789232,1,NP1,24.64857142857143,0.10777142857142856,0.8051366806030273,1,NP1,0.8051366806030273
26,13789232,2,NP2,24.765714285714285,0.10777142857142856,0.0619608610868454,1,NP1,0.8051366806030273
26,13789232,3,NP3,24.882857142857144,0.10777142857142856,0.19602929055690765,1,NP1,0.8051366806030273
26,13789232,4,NP4,25.0,0.10777142857142856,-0.24568629264831543,1,NP1,0.8051366806030273
26,13789232,5,NP5,25.117142857142856,0.10777142857142856,-0.4369238018989563,1,NP1,0.8051366806030273
26,13789232,6,NP6,25.234285714285715,0.10777142857142856,-0.2919885218143463,1,NP1,0.8051366806030273
26,13789232,7,NP7,25.35142857142857,0.10777142857142856,0.20956924557685852,1,NP1,0.8051366806030273
27,22338812,1,NP1,25.64857142857143,0.10777142857142856,0.8051332235336304,1,NP1,0.8051332235336304
27,22338812,2,NP2,25.765714285714285,0.10777142857142856,0.008170411922037601,1,NP1,0.8051332235336304
27,22338812,3,NP3,25.882857142857144,0.10777142857142856,0.029911696910858154,1,NP1,0.8051332235336304
27,22338812,4,NP4,26.0,0.10777142857142856,-0.15410342812538147,1,NP1,0.8051332235336304
27,22338812,5,NP5,26.117142857142856,0.10777142857142856,-0.2988556921482086,1,NP1,0.8051332235336304
27,22338812,6,NP6,26.234285714285715,0.10777142857142856,-0.07069982588291168,1,NP1,0.8051332235336304
27,22338812,7,NP7,26.35142857142857,0.10777142857142856,-0.0370187871158123,1,NP1,0.8051332235336304
28,425307,1,NP1,26.64857142857143,0.10777142857142856,0.8049940466880798,1,NP1,0.8049940466880798
28,425307,2,NP2,26.765714285714285,0.10777142857142856,-0.022534621879458427,1,NP1,0.8049940466880798
28,425307,3,NP3,26.882857142857144,0.10777142857142856,0.02697051502764225,1,NP1,0.8049940466880798
28,425307,4,NP4,27.0,0.10777142857142856,-0.1656026691198349,1,NP1,0.8049940466880798
28,425307,5,NP5,27.117142857142856,0.10777142857142856,-0.20729181170463562,1,NP1,0.8049940466880798
28,425307,6,NP6,27.234285714285715,0.10777142857142856,-0.13484413921833038,1,NP1,0.8049940466880798
28,425307,7,NP7,27.35142857142857,0.10777142857142856,-0.04418634995818138,1,NP1,0.8049940466880798
29,2736203,1,NP1,27.64857142857143,0.10777142857142856,-0.20187285542488098,6,NP6,0.804841160774231
29,2736203,2,NP2,27.765714285714285,0.10777142857142856,-0.2029721587896347,6,NP6,0.804841160774231
29,2736203,3,NP3,27.882857142857144,0.10777142857142856,-0.28831368684768677,6,NP6,0.804841160774231
29,2736203,4,NP4,28.0,0.10777142857142856,-0.15367622673511505,6,NP6,0.804841160774231
29,2736203,5,NP5,28.117142857142856,0.10777142857142856,0.08348345756530762,6,NP6,0.804841160774231
29,2736203,6,NP6,28.234285714285715,0.10777142857142856,0.804841160774231,6,NP6,0.804841160774231
29,2736203,7,NP7,28.35142857142857,0.10777142857142856,-0.3232261836528778,6,NP6,0.804841160774231
30,75360847,1,NP1,28.64857142857143,0.10777142857142856,-0.20329326391220093,6,NP6,0.8046560287475586
30,75360847,2,NP2,28.765714285714285,0.10777142857142856,-0.20158350467681885,6,NP6,0.8046560287475586
30,75360847,3,NP3,28.882857142857144,0.10777142857142856,-0.28398942947387695,6,NP6,0.8046560287475586
30,75360847,4,NP4,29.0,0.10777142857142856,-0.14256972074508667,6,NP6,0.8046560287475586
30,75360847,5,NP5,29.117142857142856,0.10777142857142856,0.08082770556211472,6,NP6,0.8046560287475586
30,75360847,6,NP6,29.234285714285715,0.10777142857142856,0.8046560287475586,6,NP6,0.8046560287475586
30,75360847,7,NP7,29.35142857142857,0.10777142857142856,-0.3221203684806824,6,NP6,0.8046560287475586
31,15520532,1,NP1,29.64857142857143,0.10777142857142856,-0.20103029906749725,6,NP6,0.8046156764030457
31,15520532,2,NP2,29.765714285714285,0.10777142857142856,-0.2054165005683899,6,NP6,0.8046156764030457
31,15520532,3,NP3,29.882857142857144,0.10777142857142856,-0.2837667763233185,6,NP6,0.8046156764030457
31,15520532,4,NP4,30.0,0.10777142857142856,-0.175447016954422,6,NP6,0.8046156764030457
31,15520532,5,NP5,30.117142857142856,0.10777142857142856,0.08812503516674042,6,NP6,0.8046156764030457
31,15520532,6,NP6,30.234285714285715,0.10777142857142856,0.8046156764030457,6,NP6,0.8046156764030457
31,15520532,7,NP7,30.35142857142857,0.10777142857142856,-0.31080663204193115,6,NP6,0.8046156764030457
32,15605783,1,NP1,30.64857142857143,0.10777142857142856,-0.1997469961643219,6,NP6,0.8044784069061279
32,15605783,2,NP2,30.765714285714285,0.10777142857142856,-0.21251989901065826,6,NP6,0.8044784069061279
32,15605783,3,NP3,30.882857142857144,0.10777142857142856,-0.29057273268699646,6,NP6,0.8044784069061279
32,15605783,4,NP4,31.0,0.10777142857142856,-0.16432638466358185,6,NP6,0.8044784069061279
32,15605783,5,NP5,31.117142857142856,0.10777142857142856,0.08698342740535736,6,NP6,0.8044784069061279
32,15605783,6,NP6,31.234285714285715,0.10777142857142856,0.8044784069061279,6,NP6,0.8044784069061279
32,15605783,7,NP7,31.35142857142857,0.10777142857142856,-0.3133850395679474,6,NP6,0.8044784069061279
33,54472851,1,NP1,31.64857142857143,0.10777142857142856,-0.20734183490276337,6,NP6,0.8043332099914551
33,54472851,2,NP2,31.765714285714285,0.10777142857142856,-0.201096311211586,6,NP6,0.8043332099914551
33,54472851,3,NP3,31.882857142857144,0.10777142857142856,-0.2823033630847931,6,NP6,0.8043332099914551
33,54472851,4,NP4,32.0,0.10777142857142856,-0.15749718248844147,6,NP6,0.8043332099914551
33,54472851,5,NP5,32.11714285714286,0.10777142857142856,0.08309265226125717,6,NP6,0.8043332099914551
33,54472851,6,NP6,32.23428571428571,0.10777142857142856,0.8043332099914551,6,NP6,0.8043332099914551
33,54472851,7,NP7,32.35142857142857,0.10777142857142856,-0.31543827056884766,6,NP6,0.8043332099914551
34,71350376,1,NP1,32.64857142857143,0.10777142857142856,-0.2112882137298584,6,NP6,0.8039409518241882
34,71350376,2,NP2,32.76571428571429,0.10777142857142856,-0.2156851589679718,6,NP6,0.8039409518241882
34,71350376,3,NP3,32.88285714285714,0.10777142857142856,-0.28054195642471313,6,NP6,0.8039409518241882
34,71350376,4,NP4,33.0,0.10777142857142856,-0.18767742812633514,6,NP6,0.8039409518241882
34,71350376,5,NP5,33.11714285714286,0.10777142857142856,0.09175748378038406,6,NP6,0.8039409518241882
34,71350376,6,NP6,33.23428571428571,0.10777142857142856,0.8039409518241882,6,NP6,0.8039409518241882
34,71350376,7,NP7,33.35142857142857,0.10777142857142856,-0.3055129647254944,6,NP6,0.8039409518241882
35,517955,1,NP1,33.64857142857143,0.10777142857142856,0.8028914332389832,1,NP1,0.8028914332389832
35,517955,2,NP2,33.76571428571429,0.10777142857142856,-0.014451860450208187,1,NP1,0.8028914332389832
35,517955,3,NP3,33.88285714285714,0.10777142857142856,0.010702182538807392,1,NP1,0.8028914332389832
35,517955,4,NP4,34.0,0.10777142857142856,-0.09106358140707016,1,NP1,0.8028914332389832
35,517955,5,NP5,34.11714285714286,0.10777142857142856,-0.21555207669734955,1,NP1,0.8028914332389832
35,517955,6,NP6,34.23428571428571,0.10777142857142856,-0.16816608607769012,1,NP1,0.8028914332389832
35,517955,7,NP7,34.35142857142857,0.10777142857142856,-0.03558243438601494,1,NP1,0.8028914332389832
36,52915087,1,NP1,34.64857142857143,0.10777142857142856,-0.18449623882770538,6,NP6,0.8018889427185059
36,52915087,2,NP2,34.76571428571429,0.10777142857142856,-0.2112686187028885,6,NP6,0.8018889427185059
36,52915087,3,NP3,34.88285714285714,0.10777142857142856,-0.28736814856529236,6,NP6,0.8018889427185059
36,52915087,4,NP4,35.0,0.10777142857142856,-0.13743451237678528,6,NP6,0.8018889427185059
36,52915087,5,NP5,35.11714285714286,0.10777142857142856,0.076677605509758,6,NP6,0.8018889427185059
36,52915087,6,NP6,35.23428571428571,0.10777142857142856,0.8018889427185059,6,NP6,0.8018889427185059
36,52915087,7,NP7,35.35142857142857,0.10777142857142856,-0.32630085945129395,6,NP6,0.8018889427185059
37,12626668,1,NP1,35.64857142857143,0.10777142857142856,-0.19029498100280762,6,NP6,0.8006173372268677
37,12626668,2,NP2,35.76571428571429,0.10777142857142856,-0.20154684782028198,6,NP6,0.8006173372268677
37,12626668,3,NP3,35.88285714285714,0.10777142857142856,-0.27797940373420715,6,NP6,0.8006173372268677
37,12626668,4,NP4,36.0,0.10777142857142856,-0.1657542735338211,6,NP6,0.8006173372268677
37,12626668,5,NP5,36.11714285714286,0.10777142857142856,0.07818175852298737,6,NP6,0.8006173372268677
37,12626668,6,NP6,36.23428571428571,0.10777142857142856,0.8006173372268677,6,NP6,0.8006173372268677
37,12626668,7,NP7,36.35142857142857,0.10777142857142856,-0.3090799152851105,6,NP6,0.8006173372268677
38,15887311,1,NP1,36.64857142857143,0.10777142857142856,-0.19241702556610107,6,NP6,0.7973729968070984
38,15887311,2,NP2,36.76571428571429,0.10777142857142856,-0.19490496814250946,6,NP6,0.7973729968070984
38,15887311,3,NP3,36.88285714285714,0.10777142857142856,-0.27343788743019104,6,NP6,0.7973729968070984
38,15887311,4,NP4,37.0,0.10777142857142856,-0.1655794233083725,6,NP6,0.7973729968070984
38,15887311,5,NP5,37.11714285714286,0.10777142857142856,0.07226531207561493,6,NP6,0.7973729968070984
38,15887311,6,NP6,37.23428571428571,0.10777142857142856,0.7973729968070984,6,NP6,0.7973729968070984
38,15887311,7,NP7,37.35142857142857,0.10777142857142856,-0.30565232038497925,6,NP6,0.7973729968070984
39,12418354,1,NP1,37.64857142857143,0.10777142857142856,0.797303318977356,1,NP1,0.797303318977356
39,12418354,2,NP2,37.76571428571429,0.10777142857142856,-0.04087764397263527,1,NP1,0.797303318977356
39,12418354,3,NP3,37.88285714285714,0.10777142857142856,0.07001128792762756,1,NP1,0.797303318977356
39,12418354,4,NP4,38.0,0.10777142857142856,-0.17710021138191223,1,NP1,0.797303318977356
39,12418354,5,NP5,38.11714285714286,0.10777142857142856,-0.2500353157520294,1,NP1,0.797303318977356
39,12418354,6,NP6,38.23428571428571,0.10777142857142856,-0.22757212817668915,1,NP1,0.797303318977356
39,12418354,7,NP7,38.35142857142857,0.10777142857142856,0.03355933725833893,1,NP1,0.797303318977356
40,4121732,1,NP1,38.64857142857143,0.10777142857142856,-0.15707221627235413,6,NP6,0.7967953681945801
40,4121732,2,NP2,38.76571428571429,0.10777142857142856,-0.3086533844470978,6,NP6,0.7967953681945801
40,4121732,3,NP3,38.88285714285714,0.10777142857142856,-0.3171599507331848,6,NP6,0.7967953681945801
40,4121732,4,NP4,39.0,0.10777142857142856,-0.17433981597423553,6,NP6,0.7967953681945801
40,4121732,5,NP5,39.11714285714286,0.10777142857142856,0.14996330440044403,6,NP6,0.7967953681945801
40,4121732,6,NP6,39.23428571428571,0.10777142857142856,0.7967953681945801,6,NP6,0.7967953681945801
40,4121732,7,NP7,39.35142857142857,0.10777142857142856,-0.3874720335006714,6,NP6,0.7967953681945801
41,18373965,1,NP1,39.64857142857143,0.10777142857142856,-0.1783292442560196,6,NP6,0.7956426739692688
41,18373965,2,NP2,39.76571428571429,0.10777142857142856,-0.19515414535999298,6,NP6,0.7956426739692688
41,18373965,3,NP3,39.88285714285714,0.10777142857142856,-0.27923914790153503,6,NP6,0.7956426739692688
41,18373965,4,NP4,40.0,0.10777142857142856,-0.1534034013748169,6,NP6,0.7956426739692688
41,18373965,5,NP5,40.11714285714286,0.10777142857142856,0.06691978126764297,6,NP6,0.7956426739692688
41,18373965,6,NP6,40.23428571428571,0.10777142857142856,0.7956426739692688,6,NP6,0.7956426739692688
41,18373965,7,NP7,40.35142857142857,0.10777142857142856,-0.3086215853691101,6,NP6,0.7956426739692688
42,3599767,1,NP1,40.64857142857143,0.10777142857142856,-0.165296271443367,6,NP6,0.7924919128417969
42,3599767,2,NP2,40.76571428571429,0.10777142857142856,-0.19087687134742737,6,NP6,0.7924919128417969
42,3599767,3,NP3,40.88285714285714,0.10777142857142856,-0.2784418761730194,6,NP6,0.7924919128417969
42,3599767,4,NP4,41.0,0.10777142857142856,-0.11803223937749863,6,NP6,0.7924919128417969
42,3599767,5,NP5,41.11714285714286,0.10777142857142856,0.05590105801820755,6,NP6,0.7924919128417969
42,3599767,6,NP6,41.23428571428571,0.10777142857142856,0.7924919128417969,6,NP6,0.7924919128417969
42,3599767,7,NP7,41.35142857142857,0.10777142857142856,-0.31795021891593933,6,NP6,0.7924919128417969
43,15877487,1,NP1,41.64857142857143,0.10777142857142856,0.7923678755760193,1,NP1,0.7923678755760193
43,15877487,2,NP2,41.76571428571429,0.10777142857142856,0.10394569486379623,1,NP1,0.7923678755760193
43,15877487,3,NP3,41.88285714285714,0.10777142857142856,0.1768212765455246,1,NP1,0.7923678755760193
43,15877487,4,NP4,42.0,0.10777142857142856,-0.24727165699005127,1,NP1,0.7923678755760193
43,15877487,5,NP5,42.11714285714286,0.10777142857142856,-0.38584572076797485,1,NP1,0.7923678755760193
43,15877487,6,NP6,42.23428571428571,0.10777142857142856,-0.3205638825893402,1,NP1,0.7923678755760193
43,15877487,7,NP7,42.35142857142857,0.10777142857142856,0.15195423364639282,1,NP1,0.7923678755760193
44,25112575,1,NP1,42.64857142857143,0.10777142857142856,0.053610458970069885,3,NP3,0.7904896140098572
44,25112575,2,NP2,42.76571428571429,0.10777142857142856,0.014269345439970493,3,NP3,0.7904896140098572
44,25112575,3,NP3,42.88285714285714,0.10777142857142856,0.7904896140098572,3,NP3,0.7904896140098572
44,25112575,4,NP4,43.0,0.10777142857142856,-0.21114212274551392,3,NP3,0.7904896140098572
44,25112575,5,NP5,43.11714285714286,0.10777142857142856,-0.23087330162525177,3,NP3,0.7904896140098572
44,25112575,6,NP6,43.23428571428571,0.10777142857142856,-0.20171107351779938,3,NP3,0.7904896140098572
44,25112575,7,NP7,43.35142857142857,0.10777142857142856,-0.017447713762521744,3,NP3,0.7904896140098572
45,22722373,1,NP1,43.64857142857143,0.10777142857142856,-0.22335223853588104,6,NP6,0.7892118096351624
45,22722373,2,NP2,43.76571428571429,0.10777142857142856,-0.21603776514530182,6,NP6,0.7892118096351624
45,22722373,3,NP3,43.88285714285714,0.10777142857142856,-0.25857841968536377,6,NP6,0.7892118096351624
45,22722373,4,NP4,44.0,0.10777142857142856,-0.20372635126113892,6,NP6,0.7892118096351624
45,22722373,5,NP5,44.11714285714286,0.10777142857142856,0.07589644938707352,6,NP6,0.7892118096351624
45,22722373,6,NP6,44.23428571428571,0.10777142857142856,0.7892118096351624,6,NP6,0.7892118096351624
45,22722373,7,NP7,44.35142857142857,0.10777142857142856,-0.2825981676578522,6,NP6,0.7892118096351624
46,58489416,1,NP1,44.64857142857143,0.10777142857142856,0.047723643481731415,3,NP3,0.7882561683654785
46,58489416,2,NP2,44.76571428571429,0.10777142857142856,0.014093167148530483,3,NP3,0.7882561683654785
46,58489416,3,NP3,44.88285714285714,0.10777142857142856,0.7882561683654785,3,NP3,0.7882561683654785
46,58489416,4,NP4,45.0,0.10777142857142856,-0.19844157993793488,3,NP3,0.7882561683654785
46,58489416,5,NP5,45.11714285714286,0.10777142857142856,-0.24217353761196136,3,NP3,0.7882561683654785
46,58489416,6,NP6,45.23428571428571,0.10777142857142856,-0.18267063796520233,3,NP3,0.7882561683654785
46,58489416,7,NP7,45.35142857142857,0.10777142857142856,-0.017572129145264626,3,NP3,0.7882561683654785
47,144241,1,NP1,45.64857142857143,0.10777142857142856,-0.14098645746707916,6,NP6,0.7848109602928162
47,144241,2,NP2,45.76571428571429,0.10777142857142856,-0.1964036077260971,6,NP6,0.7848109602928162
47,144241,3,NP3,45.88285714285714,0.10777142857142856,-0.2776421904563904,6,NP6,0.7848109602928162
47,144241,4,NP4,46.0,0.10777142857142856,-0.14607219398021698,6,NP6,0.7848109602928162
47,144241,5,NP5,46.11714285714286,0.10777142857142856,0.04945046827197075,6,NP6,0.7848109602928162
47,144241,6,NP6,46.23428571428571,0.10777142857142856,0.7848109602928162,6,NP6,0.7848109602928162
47,144241,7,NP7,46.35142857142857,0.10777142857142856,-0.3124605119228363,6,NP6,0.7848109602928162
48,58050304,1,NP1,46.64857142857143,0.10777142857142856,0.03848268836736679,3,NP3,0.7838299870491028
48,58050304,2,NP2,46.76571428571429,0.10777142857142856,0.00548472860828042,3,NP3,0.7838299870491028
48,58050304,3,NP3,46.88285714285714,0.10777142857142856,0.7838299870491028,3,NP3,0.7838299870491028
48,58050304,4,NP4,47.0,0.10777142857142856,-0.21046406030654907,3,NP3,0.7838299870491028
48,58050304,5,NP5,47.11714285714286,0.10777142857142856,-0.22234566509723663,3,NP3,0.7838299870491028
48,58050304,6,NP6,47.23428571428571,0.10777142857142856,-0.20162728428840637,3,NP3,0.7838299870491028
48,58050304,7,NP7,47.35142857142857,0.10777142857142856,-0.013829723931849003,3,NP3,0.7838299870491028
49,4072412,1,NP1,47.64857142857143,0.10777142857142856,-0.10370996594429016,6,NP6,0.7814565300941467
49,4072412,2,NP2,47.76571428571429,0.10777142857142856,-0.298209547996521,6,NP6,0.7814565300941467
49,4072412,3,NP3,47.88285714285714,0.10777142857142856,-0.30368295311927795,6,NP6,0.7814565300941467
49,4072412,4,NP4,48.0,0.10777142857142856,-0.18781986832618713,6,NP6,0.7814565300941467
49,4072412,5,NP5,48.11714285714286,0.10777142857142856,0.12448333948850632,6,NP6,0.7814565300941467
49,4072412,6,NP6,48.23428571428571,0.10777142857142856,0.7814565300941467,6,NP6,0.7814565300941467
49,4072412,7,NP7,48.35142857142857,0.10777142857142856,-0.37798064947128296,6,NP6,0.7814565300941467
50,71384845,1,NP1,48.64857142857143,0.10777142857142856,-0.4476827383041382,5,NP5,0.7499092221260071
50,71384845,2,NP2,48.76571428571429,0.10777142857142856,-0.5192915797233582,5,NP5,0.7499092221260071
50,71384845,3,NP3,48.88285714285714,0.10777142857142856,-0.38204631209373474,5,NP5,0.7499092221260071
50,71384845,4,NP4,49.0,0.10777142857142856,-0.24379807710647583,5,NP5,0.7499092221260071
50,71384845,5,NP5,49.11714285714286,0.10777142857142856,0.7499092221260071,5,NP5,0.7499092221260071
50,71384845,6,NP6,49.23428571428571,0.10777142857142856,0.027352191507816315,5,NP5,0.7499092221260071
50,71384845,7,NP7,49.35142857142857,0.10777142857142856,-0.21080099046230316,5,NP5,0.7499092221260071
51,122587,1,NP1,49.64857142857143,0.10777142857142856,-0.4245365858078003,5,NP5,0.749528169631958
51,122587,2,NP2,49.76571428571429,0.10777142857142856,-0.5332973599433899,5,NP5,0.749528169631958
51,122587,3,NP3,49.88285714285714,0.10777142857142856,-0.36805015802383423,5,NP5,0.749528169631958
51,122587,4,NP4,50.0,0.10777142857142856,-0.3171079754829407,5,NP5,0.749528169631958
51,122587,5,NP5,50.11714285714286,0.10777142857142856,0.749528169631958,5,NP5,0.749528169631958
51,122587,6,NP6,50.23428571428571,0.10777142857142856,0.06355937570333481,5,NP5,0.749528169631958
51,122587,7,NP7,50.35142857142857,0.10777142857142856,-0.21907532215118408,5,NP5,0.749528169631958
52,71346374,1,NP1,50.64857142857143,0.10777142857142856,-0.403109073638916,5,NP5,0.7494205236434937
52,71346374,2,NP2,50.76571428571429,0.10777142857142856,-0.5657559037208557,5,NP5,0.7494205236434937
52,71346374,3,NP3,50.88285714285714,0.10777142857142856,-0.3768328130245209,5,NP5,0.7494205236434937
52,71346374,4,NP4,51.0,0.10777142857142856,-0.307953804731369,5,NP5,0.7494205236434937
52,71346374,5,NP5,51.11714285714286,0.10777142857142856,0.7494205236434937,5,NP5,0.7494205236434937
52,71346374,6,NP6,51.23428571428571,0.10777142857142856,0.0683160349726677,5,NP5,0.7494205236434937
52,71346374,7,NP7,51.35142857142857,0.10777142857142856,-0.2298300564289093,5,NP5,0.7494205236434937
53,108841,1,NP1,51.64857142857143,0.10777142857142856,-0.4534989893436432,5,NP5,0.7489742040634155
53,108841,2,NP2,51.76571428571429,0.10777142857142856,-0.5387621521949768,5,NP5,0.7489742040634155
53,108841,3,NP3,51.88285714285714,0.10777142857142856,-0.38791507482528687,5,NP5,0.7489742040634155
53,108841,4,NP4,52.0,0.10777142857142856,-0.23436632752418518,5,NP5,0.7489742040634155
53,108841,5,NP5,52.11714285714286,0.10777142857142856,0.7489742040634155,5,NP5,0.7489742040634155
53,108841,6,NP6,52.23428571428571,0.10777142857142856,0.03631145507097244,5,NP5,0.7489742040634155
53,108841,7,NP7,52.35142857142857,0.10777142857142856,-0.2139395922422409,5,NP5,0.7489742040634155
54,219443,1,NP1,52.64857142857143,0.10777142857142856,-0.4258479177951813,5,NP5,0.7481650114059448
54,219443,2,NP2,52.76571428571429,0.10777142857142856,-0.5146949291229248,5,NP5,0.7481650114059448
54,219443,3,NP3,52.88285714285714,0.10777142857142856,-0.36367443203926086,5,NP5,0.7481650114059448
54,219443,4,NP4,53.0,0.10777142857142856,-0.28059810400009155,5,NP5,0.7481650114059448
54,219443,5,NP5,53.11714285714286,0.10777142857142856,0.7481650114059448,5,NP5,0.7481650114059448
54,219443,6,NP6,53.23428571428571,0.10777142857142856,0.042253490537405014,5,NP5,0.7481650114059448
54,219443,7,NP7,53.35142857142857,0.10777142857142856,-0.21006974577903748,5,NP5,0.7481650114059448
55,71384846,1,NP1,53.64857142857143,0.10777142857142856,-0.44939130544662476,5,NP5,0.7469909191131592
55,71384846,2,NP2,53.76571428571429,0.10777142857142856,-0.5233081579208374,5,NP5,0.7469909191131592
55,71384846,3,NP3,53.88285714285714,0.10777142857142856,-0.3807999789714813,5,NP5,0.7469909191131592
55,71384846,4,NP4,54.0,0.10777142857142856,-0.24363748729228973,5,NP5,0.7469909191131592
55,71384846,5,NP5,54.11714285714286,0.10777142857142856,0.7469909191131592,5,NP5,0.7469909191131592
55,71384846,6,NP6,54.23428571428571,0.10777142857142856,0.027079373598098755,5,NP5,0.7469909191131592
55,71384846,7,NP7,54.35142857142857,0.10777142857142856,-0.20607027411460876,5,NP5,0.7469909191131592
56,21424,1,NP1,54.64857142857143,0.10777142857142856,-0.4021187722682953,5,NP5,0.740737795829773
56,21424,2,NP2,54.76571428571429,0.10777142857142856,-0.5204837918281555,5,NP5,0.740737795829773
56,21424,3,NP3,54.88285714285714,0.10777142857142856,-0.3543238639831543,5,NP5,0.740737795829773
56,21424,4,NP4,55.0,0.10777142857142856,-0.29126396775245667,5,NP5,0.740737795829773
56,21424,5,NP5,55.11714285714286,0.10777142857142856,0.740737795829773,5,NP5,0.740737795829773
56,21424,6,NP6,55.23428571428571,0.10777142857142856,0.03744398429989815,5,NP5,0.740737795829773
56,21424,7,NP7,55.35142857142857,0.10777142857142856,-0.20572179555892944,5,NP5,0.740737795829773
57,13680388,1,NP1,55.64857142857143,0.10777142857142856,-0.42284825444221497,5,NP5,0.7400968074798584
57,13680388,2,NP2,55.76571428571429,0.10777142857142856,-0.5219787359237671,5,NP5,0.7400968074798584
57,13680388,3,NP3,55.88285714285714,0.10777142857142856,-0.3616269826889038,5,NP5,0.7400968074798584
57,13680388,4,NP4,56.0,0.10777142857142856,-0.2999753952026367,5,NP5,0.7400968074798584
57,13680388,5,NP5,56.11714285714286,0.10777142857142856,0.7400968074798584,5,NP5,0.7400968074798584
57,13680388,6,NP6,56.23428571428571,0.10777142857142856,0.03884885460138321,5,NP5,0.7400968074798584
57,13680388,7,NP7,56.35142857142857,0.10777142857142856,-0.19437065720558167,5,NP5,0.7400968074798584
58,71334465,1,NP1,56.64857142857143,0.10777142857142856,-0.4578751027584076,5,NP5,0.7374493479728699
58,71334465,2,NP2,56.76571428571429,0.10777142857142856,-0.5371342301368713,5,NP5,0.7374493479728699
58,71334465,3,NP3,56.88285714285714,0.10777142857142856,-0.38177216053009033,5,NP5,0.7374493479728699
58,71334465,4,NP4,57.0,0.10777142857142856,-0.21061107516288757,5,NP5,0.7374493479728699
58,71334465,5,NP5,57.11714285714286,0.10777142857142856,0.7374493479728699,5,NP5,0.7374493479728699
58,71334465,6,NP6,57.23428571428571,0.10777142857142856,0.02047661505639553,5,NP5,0.7374493479728699
58,71334465,7,NP7,57.35142857142857,0.10777142857142856,-0.2033480405807495,5,NP5,0.7374493479728699
59,352104,1,NP1,57.64857142857143,0.10777142857142856,-0.47556406259536743,5,NP5,0.7332116961479187
59,352104,2,NP2,57.76571428571429,0.10777142857142856,-0.541935384273529,5,NP5,0.7332116961479187
59,352104,3,NP3,57.88285714285714,0.10777142857142856,-0.391508549451828,5,NP5,0.7332116961479187
59,352104,4,NP4,58.0,0.10777142857142856,-0.12667113542556763,5,NP5,0.7332116961479187
59,352104,5,NP5,58.11714285714286,0.10777142857142856,0.7332116961479187,5,NP5,0.7332116961479187
59,352104,6,NP6,58.23428571428571,0.10777142857142856,0.0202689990401268,5,NP5,0.7332116961479187
59,352104,7,NP7,58.35142857142857,0.10777142857142856,-0.21376672387123108,5,NP5,0.7332116961479187
60,71386315,1,NP1,58.64857142857143,0.10777142857142856,-0.45701566338539124,5,NP5,0.7300816178321838
60,71386315,2,NP2,58.76571428571429,0.10777142857142856,-0.5265123248100281,5,NP5,0.7300816178321838
60,71386315,3,NP3,58.88285714285714,0.10777142857142856,-0.38008540868759155,5,NP5,0.7300816178321838
60,71386315,4,NP4,59.0,0.10777142857142856,-0.19105634093284607,5,NP5,0.7300816178321838
60,71386315,5,NP5,59.11714285714286,0.10777142857142856,0.7300816178321838,5,NP5,0.7300816178321838
60,71386315,6,NP6,59.23428571428571,0.10777142857142856,0.005105559714138508,5,NP5,0.7300816178321838
60,71386315,7,NP7,59.35142857142857,0.10777142857142856,-0.19521044194698334,5,NP5,0.7300816178321838
61,17177,1,NP1,59.64857142857143,0.10777142857142856,-0.39046335220336914,5,NP5,0.7240414023399353
61,17177,2,NP2,59.76571428571429,0.10777142857142856,-0.509516716003418,5,NP5,0.7240414023399353
61,17177,3,NP3,59.88285714285714,0.10777142857142856,-0.35476258397102356,5,NP5,0.7240414023399353
61,17177,4,NP4,60.0,0.10777142857142856,-0.24665337800979614,5,NP5,0.7240414023399353
61,17177,5,NP5,60.11714285714286,0.10777142857142856,0.7240414023399353,5,NP5,0.7240414023399353
61,17177,6,NP6,60.23428571428571,0.10777142857142856,-0.00904184952378273,5,NP5,0.7240414023399353
61,17177,7,NP7,60.35142857142857,0.10777142857142856,-0.183099627494812,5,NP5,0.7240414023399353
62,21425,1,NP1,60.64857142857143,0.10777142857142856,-0.4378493130207062,5,NP5,0.7137600779533386
62,21425,2,NP2,60.76571428571429,0.10777142857142856,-0.5326462388038635,5,NP5,0.7137600779533386
62,21425,3,NP3,60.88285714285714,0.10777142857142856,-0.3775741755962372,5,NP5,0.7137600779533386
62,21425,4,NP4,61.0,0.10777142857142856,-0.26297250390052795,5,NP5,0.7137600779533386
62,21425,5,NP5,61.11714285714286,0.10777142857142856,0.7137600779533386,5,NP5,0.7137600779533386
62,21425,6,NP6,61.23428571428571,0.10777142857142856,0.016143305227160454,5,NP5,0.7137600779533386
62,21425,7,NP7,61.35142857142857,0.10777142857142856,-0.1875191181898117,5,NP5,0.7137600779533386
