epoch,mean_normalized_drift_rate,std_normalized_drift_rate_across_trials,smooth_mean_normalized_drift_rate,smooth_std_normalized_drift_rate,trial_1_normalized_drift_rate,trial_1_smooth_normalized_drift_rate,trial_2_normalized_drift_rate,trial_2_smooth_normalized_drift_rate,trial_3_normalized_drift_rate,trial_3_smooth_normalized_drift_rate,trial_4_normalized_drift_rate,trial_4_smooth_normalized_drift_rate,trial_5_normalized_drift_rate,trial_5_smooth_normalized_drift_rate,trial_6_normalized_drift_rate,trial_6_smooth_normalized_drift_rate,trial_7_normalized_drift_rate,trial_7_smooth_normalized_drift_rate,trial_8_normalized_drift_rate,trial_8_smooth_normalized_drift_rate,trial_9_normalized_drift_rate,trial_9_smooth_normalized_drift_rate,trial_10_normalized_drift_rate,trial_10_smooth_normalized_drift_rate
2,0.9275405,0.048478257,0.9666827246546745,0.05749027291312814,0.90566134,1.0364567,0.94129175,0.9724964,0.9596081,0.95401746,0.981195,1.0444841,0.9860116,0.9435801,0.98180133,0.97225964,0.8556725,0.96125805,0.9229665,0.9172458,0.8917249,0.99668103,0.84947205,0.86834776
3,0.9424685,0.047981393,0.9698880314826965,0.05623509859045347,0.9320229,1.0367653,0.95876014,0.9741179,0.9717694,0.95359486,1.0165716,1.0486184,0.9585329,0.94542515,0.97098625,0.97464436,0.8935151,0.97034764,0.902246,0.9198769,0.9776757,0.99899656,0.8426054,0.87649304
4,0.9606698,0.0585216,0.9728681206703186,0.05454053580760956,1.0510111,1.0357503,0.9679415,0.9757369,0.96413684,0.953393,1.0267106,1.0512924,0.9299243,0.94923985,0.96729386,0.9775474,0.91982955,0.97723913,0.9098431,0.92277694,1.0218999,1.0010802,0.8481071,0.88462496
5,0.9673687,0.063345045,0.9751592061736367,0.05259816043756225,1.0848006,1.0324165,0.97043735,0.97693336,0.95465606,0.9535187,1.0396297,1.0519851,0.9268763,0.9521469,0.96373963,0.9813884,0.9587628,0.9826008,0.90563524,0.9253463,1.0159817,1.0024974,0.85316753,0.8927584
6,0.9721506,0.06353886,0.9768063326676687,0.05064982843274871,1.0876497,1.026972,0.97866106,0.9782484,0.94582576,0.95357805,1.0565352,1.0512011,0.92767334,0.95535636,0.9585972,0.98413324,0.98093534,0.98683065,0.908346,0.9282831,1.0115098,1.0036644,0.865772,0.8997957
7,0.98247117,0.0631035,0.978186887044173,0.048945746886042446,1.0899388,1.021642,0.98421854,0.97921836,0.9501638,0.95383924,1.0740081,1.0491674,0.93709993,0.95864207,0.9647134,0.9879547,1.0104127,0.9902285,0.92671615,0.930818,1.0129254,1.004237,0.8745142,0.9061215
8,0.9878214,0.0623072,0.9792357172284808,0.047618547188384194,1.0848526,1.0155699,0.98612875,0.97995126,0.94474703,0.9545712,1.0806738,1.0468762,0.9296731,0.96176136,0.97590417,0.9911324,1.0309737,0.99289995,0.9271156,0.9324491,1.0231173,1.004433,0.89502794,0.91271245
9,0.99297106,0.052646335,0.9801031192143758,0.046454675123095514,1.0557166,1.0097008,0.99253196,0.9803442,0.94123256,0.9555896,1.0805488,1.0443735,0.9528494,0.96450007,0.9950413,0.9928434,1.0399626,0.99514157,0.93509775,0.93407714,1.0186138,1.0047567,0.9181157,0.919704
10,0.9955305,0.046193704,0.9846590518951416,0.04515078427890937,1.0392343,1.0121437,0.98709005,0.98346794,0.9502143,0.9567035,1.0816928,1.0452504,0.9601853,0.96587336,0.9937224,0.99514043,1.0430644,1.0064652,0.9409255,0.9363752,1.0175208,1.0128131,0.94165546,0.93235725
11,0.9996889,0.03928947,0.9884612838427226,0.04358009658753872,1.0266147,1.0142455,0.9903081,0.9858883,0.95157605,0.9572792,1.0753583,1.0421287,0.9835722,0.969357,1.0036744,0.997843,1.0392628,1.0150108,0.9488778,0.94178665,1.0198326,1.0151181,0.9578121,0.9459551
12,0.99807006,0.033174407,0.9911933263142904,0.04140194430947304,0.9990786,1.0094366,0.9888975,0.9881319,0.95477575,0.9587291,1.0589125,1.0371931,0.9812172,0.97469133,1.0197985,1.0014353,1.0362176,1.0216358,0.95103973,0.947178,1.01667,1.0138882,0.97409356,0.95961356
13,0.9949247,0.029218176,0.9937379201253255,0.03917547749976317,0.9670841,1.0029373,0.9927144,0.99124473,0.9542307,0.96144414,1.0425771,1.0301741,0.99066097,0.9806219,1.0143262,1.0049158,1.033359,1.0248011,0.9605878,0.9543767,1.0165001,1.0134159,0.97720575,0.973447
14,0.99475354,0.028496768,0.996366027990977,0.03745845022300879,0.9576801,0.9967894,0.9908574,0.9942716,0.956974,0.96545255,1.0247618,1.0209194,0.9980703,0.98709494,1.0338119,1.0082504,1.0310023,1.0262028,0.96123743,0.9641175,1.0111094,1.0138247,0.98203033,0.9867368
15,0.9928705,0.030364951,0.9983946402867635,0.036147072538733484,0.936633,0.9911582,0.9894788,0.99765974,0.9640865,0.9693455,1.0170921,1.0096774,1.0023123,0.99281013,1.0324426,1.0108503,1.0276293,1.0254214,0.95365286,0.97366846,1.0069815,1.0136855,0.99839544,0.9996694
16,0.99224675,0.030160466,1.000407604376475,0.03509264426926772,0.9275328,0.9856197,0.9858452,1.0010221,0.96984726,0.9749796,1.0093355,0.9979965,1.0028417,0.9993213,1.0167973,1.0134225,1.0265236,1.0231855,0.9568695,0.98395264,1.0092883,1.0127163,1.0175854,1.0118597
17,0.9958795,0.028919894,1.0026265263557435,0.03458998737235864,0.9423062,0.98180604,0.9881481,1.0037786,0.976316,0.9817231,0.99434775,0.98827887,1.0066116,1.0050423,1.0162575,1.014237,1.0255275,1.0205579,0.9574376,0.9945288,1.0125704,1.0125083,1.0392712,1.0238043
18,0.999502,0.024421077,1.0050570527712503,0.03424160021046797,0.9635487,0.97902113,0.9950658,1.0066473,0.98040587,0.9892058,0.9697465,0.98134255,1.0107875,1.0102774,1.0115249,1.0150834,1.021699,1.0177712,0.98341787,1.004671,1.0122511,1.011717,1.0465728,1.0348336
19,1.0016505,0.025849314,1.0073442935943604,0.03452294506132603,0.9788789,0.9774588,1.0015954,1.0091277,0.9858843,0.9971896,0.9526755,0.9749223,1.0099388,1.0140029,1.0211785,1.0158286,1.0192044,1.015304,0.9907135,1.0152509,1.0034509,1.0097967,1.0529844,1.0445613
20,1.0055376,0.029948043,1.0096259872118631,0.035363929346203804,0.987311,0.97744787,1.0171303,1.0115454,0.9953822,1.0052484,0.9343459,0.9695709,1.0158342,1.0181946,1.0159469,1.0154358,1.0062431,1.0127326,1.0136154,1.0258936,1.0088978,1.0073142,1.0606688,1.0528764
21,1.0115722,0.037783448,1.0121201276779175,0.03675717736283938,0.99543023,0.9794204,1.0240633,1.0138072,1.005952,1.0141947,0.91771543,0.9647966,1.0247694,1.0224978,1.008615,1.0146309,1.0019593,1.0106324,1.0544584,1.0359538,1.0176415,1.0042573,1.0651188,1.06101
22,1.0129004,0.04343283,1.0146054784456888,0.03851710160573323,1.0054713,0.9819796,1.0350406,1.0157595,1.0085584,1.0239493,0.9053781,0.96112436,1.022828,1.0266984,1.0037137,1.011584,0.99869317,1.0086387,1.0699804,1.0463809,1.0108368,1.0012338,1.068503,1.0687063
23,1.0180159,0.046490777,1.0172696908315022,0.0402756292372942,1.0017753,0.9858099,1.0365653,1.0175865,1.0292574,1.0343485,0.90545976,0.95789975,1.0273408,1.0309703,1.0144866,1.0088829,0.9974347,1.0067192,1.0813781,1.0567977,1.0085785,0.9983923,1.0778824,1.0752896
24,1.0262549,0.04510648,1.0198968410491944,0.04188004160920779,0.9985111,0.99029917,1.0338778,1.0196558,1.0423858,1.0444103,0.9347835,0.95562625,1.0386637,1.0355,1.0072591,1.0071564,1.000549,1.0048585,1.0937394,1.0659227,1.015494,0.9952432,1.0972854,1.080296
25,1.0319884,0.040967897,1.022265096505483,0.04357954462369283,0.9974611,0.99393415,1.0301218,1.0211722,1.0624541,1.0549335,0.9776483,0.95495766,1.0387113,1.0393863,1.0064179,1.0059855,1.0012646,1.0026693,1.093059,1.0744805,1.0056523,0.9916043,1.107094,1.0835276
26,1.0339975,0.043509644,1.0245561838150024,0.04585346579551697,1.0031791,0.9958619,1.0275143,1.0223373,1.0713332,1.066289,0.9790547,0.9561763,1.0394557,1.0442204,1.0148532,1.0054213,1.0022537,1.0003433,1.1075767,1.0808587,0.99102813,0.9878986,1.1037269,1.086155
27,1.0322955,0.04578917,1.0268455743789673,0.04824693414072196,0.99891484,0.99708587,1.0251623,1.0224,1.075659,1.0781792,0.97864133,0.9591365,1.0440924,1.0507532,1.0139059,1.0041766,0.99764615,0.9978955,1.11068,1.085733,0.97943246,0.98507965,1.0988208,1.0880164
28,1.0323368,0.050116897,1.0285803476969402,0.05048789729674657,0.996673,0.9974394,1.0266412,1.0214186,1.0884258,1.0898223,0.97096324,0.9631318,1.0552084,1.0575807,1.0022526,1.0023141,1.0018567,0.9963358,1.1114899,1.087913,0.9706471,0.9819924,1.0992095,1.0878555
29,1.0320338,0.054895632,1.0297392845153808,0.05205214793483416,0.996068,0.9974344,1.020141,1.0199797,1.1032906,1.099891,0.96967757,0.9681112,1.0610787,1.0645444,0.9881095,1.0012243,1.0010973,0.9949609,1.1176443,1.086906,0.9657562,0.9784587,1.0974754,1.0858825
30,1.0328337,0.056742866,1.0306593418121337,0.053401606529951094,0.9940872,0.99598116,1.0168852,1.017701,1.1200755,1.109256,0.968723,0.9736248,1.0663921,1.0729252,0.9919248,0.9997657,0.998837,0.99410796,1.1099069,1.0845782,0.964359,0.97589475,1.0971457,1.0827588
31,1.031654,0.05422665,1.0313559214274088,0.054565414786338806,0.9948711,0.99439085,1.016884,1.0147233,1.1207746,1.117515,0.975233,0.97919685,1.0707885,1.081448,0.9909002,0.99827445,0.99861115,0.9938412,1.0937444,1.08087,0.96205133,0.975496,1.0926818,1.0778037
32,1.0314033,0.05441244,1.0315205256144206,0.05602901106079419,0.99683124,0.9928795,1.0108933,1.01183,1.1341642,1.124645,0.9843192,0.98299724,1.0649048,1.0902811,0.9986941,0.997352,0.9926916,0.99302995,1.0858047,1.0763285,0.9579873,0.97482675,1.087744,1.0710351
33,1.0338683,0.058529895,1.0313546895980834,0.057574756691853204,0.9924653,0.9912315,1.012544,1.0091227,1.150738,1.1297203,0.9880254,0.9844947,1.0832996,1.0988697,1.0030618,0.9959077,0.9868083,0.9920736,1.0790888,1.0720593,0.9566659,0.9758952,1.0859855,1.0641724
34,1.0359913,0.06175134,1.031092604001363,0.059073266386985776,0.9972381,0.98839533,1.0025357,1.0060664,1.164237,1.1342558,0.9970788,0.9856724,1.1079305,1.1075387,1.0025078,0.9942616,0.9824861,0.99092597,1.0638298,1.0670108,0.9611665,0.9786073,1.0809035,1.0581919
35,1.0315592,0.06356249,1.0313596963882445,0.060635650902986525,0.992614,0.98536265,1.0024086,1.0036631,1.1700294,1.1384832,0.99427533,0.9879395,1.1182469,1.1170169,0.98800987,0.9923537,0.9828484,0.99028534,1.046314,1.0627092,0.962589,0.98263717,1.0582556,1.0531465
36,1.0289563,0.061247207,1.0315752267837524,0.0617369902630647,0.995355,0.9822813,1.0024799,1.0016031,1.1569813,1.1414671,0.9924073,0.99150807,1.1292244,1.1251861,0.99226636,0.99109143,0.9813356,0.98916906,1.0393531,1.0580432,0.964636,0.9876419,1.0355245,1.0477611
37,1.0267012,0.06367471,1.0316715081532797,0.06254531666636468,0.98367345,0.9787836,1.0008608,1.0009977,1.1490337,1.1435138,0.98808163,0.99543095,1.1485395,1.1325239,0.9818356,0.99001986,0.9858991,0.9880232,1.035064,1.0532681,0.97237736,0.9925779,1.021647,1.0415761
38,1.0284646,0.0639479,1.0316346645355225,0.06312957952419916,0.97791994,0.9760324,0.9919,1.0006369,1.1531428,1.1438526,0.9890406,0.99936277,1.1551828,1.1395777,0.9921175,0.98881686,0.9934333,0.9870426,1.0257558,1.0496049,1.0025971,0.9969065,1.0035565,1.0345135
39,1.028724,0.067060426,1.0317625363667806,0.06381396452585857,0.97584164,0.97339034,0.9904781,1.0002921,1.1493363,1.1439832,0.9917887,1.0027735,1.1711617,1.1461929,0.9934229,0.9875663,0.9883803,0.9864368,1.025617,1.0479083,1.0054553,1.0009267,0.9957572,1.0281553
40,1.0295008,0.06415408,1.0316438357035318,0.06455235282580057,0.9727404,0.97112656,0.98951226,1.0004058,1.1385835,1.1430975,1.0001103,1.0049264,1.1675383,1.1530637,0.9847538,0.9855446,0.98691964,0.98594147,1.0290191,1.0469298,1.0216796,1.004663,1.0041516,1.0207396
41,1.0300663,0.06598729,1.0315024296442667,0.06504779582222303,0.9606368,0.9690885,0.98167056,1.0008845,1.1393648,1.1414304,0.9967208,1.0069246,1.1694912,1.1586031,0.9901619,0.9831304,0.9850385,0.9859949,1.031849,1.0469959,1.0317097,1.0079652,1.0140198,1.014007
42,1.0363019,0.06922494,1.0313256820042929,0.06542348265647888,0.953425,0.9668745,0.9891106,1.0018351,1.1390692,1.1393254,1.0126469,1.0078635,1.1862664,1.1622859,0.98528636,0.9807066,0.9880368,0.98593175,1.0461575,1.0491033,1.0398798,1.0105909,1.0231395,1.0087398
43,1.0355698,0.06663699,1.031690287590027,0.06567657093207041,0.95045257,0.9650268,0.9957427,1.0029569,1.1331859,1.1369596,1.0244921,1.0088931,1.1777462,1.1653857,0.98331916,0.97948503,0.9851127,0.9861707,1.0414994,1.0527993,1.0457181,1.0126712,1.0184289,1.0065545
44,1.033478,0.06702053,1.032221825917562,0.06605566491683325,0.94360226,0.9633798,1.0110593,1.0042899,1.1339908,1.1349771,1.0285211,1.0095146,1.171146,1.1679524,0.9720355,0.97767913,0.98390996,0.98630905,1.0460169,1.0568919,1.0397968,1.0148268,1.0047019,1.0063976
45,1.032281,0.06550681,1.0326817671457926,0.06614336172739664,0.9528185,0.9626975,1.0114737,1.0057172,1.1251575,1.1310034,1.0277,1.0091622,1.1721998,1.1690795,0.97388035,0.97681886,0.98412764,0.985892,1.0549595,1.0625974,1.0292883,1.0171728,0.9912051,1.0066767
46,1.0335721,0.06449243,1.0327682097752888,0.06657343705495199,0.9552408,0.96168524,1.0117115,1.0077957,1.1227348,1.1253291,1.0263942,1.0079923,1.1700159,1.1707864,0.97214115,0.9750218,0.98952335,0.98508143,1.0682956,1.0694362,1.022355,1.0168943,0.99730897,1.0076594
47,1.0296228,0.065488264,1.0327784617741902,0.06710131615400314,0.9628746,0.96113366,1.0125988,1.0102124,1.120877,1.1193305,1.0166135,1.0066068,1.167965,1.1721805,0.96836966,0.97266763,0.98526263,0.98407984,1.0711278,1.0768747,1.0140312,1.0159098,0.9765069,1.0087886
48,1.0317472,0.06596154,1.0329297224680583,0.06783181379238765,0.961894,0.96062607,1.0197256,1.0128695,1.1257316,1.1149145,1.0179982,1.0063283,1.1663905,1.1737326,0.9668477,0.9710987,0.98760927,0.9835585,1.0800788,1.084474,1.0061985,1.0131704,0.98499745,1.0085244
49,1.0333401,0.06738664,1.0330517689387004,0.0679796556631724,0.9640286,0.96098834,1.0167946,1.0163667,1.1326624,1.1116382,1.0111617,1.007194,1.1631743,1.1724888,0.96615106,0.9695867,0.98153865,0.98357725,1.0954411,1.0921291,1.0005527,1.0095115,1.0018959,1.0070368
50,1.0370283,0.067358814,1.0327619791030884,0.067636006573836,0.9648987,0.96176904,1.0192345,1.0198035,1.1345408,1.1079421,1.00972,1.0090307,1.164744,1.1684135,0.96968675,0.9682432,0.98643285,0.983189,1.1017556,1.0989629,0.9937939,1.0057266,1.0254766,1.0045391
51,1.0369294,0.06693362,1.032424020767212,0.06751020650068919,0.9706495,0.96239114,1.0224755,1.0228384,1.1272461,1.1050135,1.0017287,1.0102539,1.167725,1.1645801,0.9651774,0.9665958,0.9834113,0.9828644,1.1007408,1.1058627,0.9969681,1.0015672,1.0331705,1.0022731
52,1.0336003,0.06499016,1.0323539574940999,0.06740989536046982,0.9734397,0.9634187,1.0222698,1.0251092,1.0894276,1.1029632,0.9827969,1.0111023,1.1654466,1.1610745,0.9689313,0.96563214,0.97964287,0.9820184,1.1206461,1.1123292,1.0075691,0.9989335,1.0258335,1.0009583
53,1.0297612,0.07039903,1.032411313056946,0.06735219756762187,0.96273583,0.9644014,1.0230788,1.0272515,1.068029,1.1011338,0.97149146,1.0117931,1.1807851,1.1575959,0.96516204,0.9643187,0.9812748,0.9809581,1.1283385,1.118319,0.9984192,0.99774563,1.0182979,1.0005959
54,1.0288777,0.07497861,1.0326039393742878,0.06757462322711945,0.96756786,0.96485865,1.0267274,1.0296167,1.0593572,1.0997735,0.97100735,1.0126091,1.192073,1.1551546,0.9581107,0.96305156,0.9733563,0.9799007,1.1371952,1.1236466,0.990687,0.9979492,1.0126941,0.9994787
55,1.0317698,0.075111546,1.0333009799321493,0.06803295910358428,0.9651262,0.9641875,1.029369,1.0320531,1.0723441,1.0991273,0.99593246,1.0143484,1.190821,1.1544261,0.9612194,0.9621556,0.97909933,0.9795522,1.1430085,1.1286745,0.9805887,0.9987268,1.0001892,0.9997583
56,1.031897,0.06820492,1.0338807026545207,0.0683469906449318,0.96607125,0.96365654,1.0341299,1.0338312,1.0902195,1.0977676,1.0097054,1.0158814,1.150834,1.1540782,0.9674816,0.96205693,0.98532015,0.97896546,1.1466757,1.1328734,0.97682494,1.0001997,0.99170643,0.9994966
57,1.031955,0.0640702,1.0343138615290324,0.06846412420272827,0.965135,0.96295357,1.0406619,1.0353869,1.0836282,1.0960864,1.0401975,1.0178372,1.125136,1.153358,0.9651342,0.9619025,0.9822126,0.9795743,1.1486645,1.1361026,0.9831075,1.002122,0.98567414,0.9978152
58,1.0305004,0.064749986,1.0344320058822631,0.06850227415561676,0.9597844,0.9620964,1.0412655,1.0370841,1.0892566,1.0942069,1.0428394,1.0198544,1.1202449,1.1521702,0.9586085,0.9615348,0.9802439,0.9800151,1.1449956,1.1386278,0.98332715,1.0044469,0.9844381,0.9942835
59,1.0324271,0.06551586,1.0343067169189453,0.06832021872202555,0.9590157,0.96092975,1.045121,1.0387022,1.1032358,1.092176,1.041248,1.0220217,1.1185617,1.150611,0.9575807,0.9619745,0.9712203,0.98045516,1.1430161,1.1400336,1.0002913,1.0064667,0.98498064,0.98969644
60,1.0331414,0.06464134,1.0342716375986736,0.06837476839621862,0.9675597,0.95925814,1.0436078,1.0409889,1.0977174,1.0921988,1.0380627,1.0253614,1.1200212,1.1490793,0.9541779,0.9613517,0.96822363,0.9809699,1.144805,1.1401527,1.0114707,1.007843,0.9857682,0.9855126
61,1.0364615,0.06782881,1.0347180922826131,0.06800117293993632,0.9620987,0.95838964,1.047191,1.0433047,1.1023299,1.0937041,1.0386344,1.0296245,1.1333957,1.146904,0.95313466,0.9618827,0.9736621,0.98181355,1.1482097,1.1397325,1.0254079,1.0100098,0.9805512,0.9818155
62,1.0400784,0.0723633,1.035326361656189,0.0676276425520579,0.952807,0.9571729,1.0491445,1.045274,1.1111827,1.0968183,1.0427015,1.0330704,1.1570393,1.1447996,0.95493007,0.963059,0.9800353,0.983347,1.1465467,1.1389784,1.0256954,1.0126871,0.98070115,0.97805697
63,1.0404431,0.07067201,1.0356515248616536,0.06733907361825307,0.9539296,0.9558944,1.0463969,1.0466998,1.1053367,1.0993795,1.0409943,1.0342519,1.1611713,1.1428072,0.96536773,0.9641481,0.97880816,0.9842528,1.1430622,1.1380023,1.0282916,1.0158856,0.9810714,0.9751936
64,1.0398375,0.069143645,1.0358002424240111,0.06756060073773067,0.95348454,0.9541236,1.0401309,1.047839,1.1074439,1.0998815,1.0404978,1.0343454,1.1523703,1.1439682,0.9638347,0.9647222,0.990671,0.98513705,1.1438776,1.1364216,1.0293882,1.0190063,0.976675,0.97255754
65,1.0388005,0.06793106,1.0355637629826864,0.06805138985315959,0.9520409,0.9526309,1.0446923,1.0483282,1.1063484,1.0994482,1.0399795,1.0316387,1.1469269,1.1472437,0.9641714,0.96510273,0.99304515,0.98629147,1.1396345,1.1343284,1.0286655,1.0204891,0.9725006,0.9701363
66,1.03505,0.064202785,1.0350812594095866,0.06850499411424,0.95314986,0.9512969,1.0467469,1.0485723,1.0967826,1.0978216,1.0342369,1.0279942,1.1443393,1.1509658,0.97177243,0.96589315,0.99001205,0.98762393,1.1218276,1.1318836,1.0272673,1.0212253,0.96436477,0.9675358
67,1.0330741,0.06580841,1.0346339464187622,0.06882493992646535,0.9483651,0.95089775,1.0565699,1.0478647,1.0897701,1.0965372,1.032893,1.025178,1.1424705,1.1546403,0.9595891,0.96674275,0.9873639,0.98960656,1.1224325,1.1293955,1.0282122,1.0207995,0.96307594,0.96467704
68,1.036458,0.0647951,1.0342909653981527,0.06928296635548274,0.94970894,0.9506143,1.0578163,1.0470742,1.0906087,1.0958679,1.0354373,1.0230697,1.1481547,1.1590737,0.97312725,0.9679092,0.99392915,0.9920213,1.1220354,1.1262071,1.0309201,1.0195713,0.9628419,0.9615008
69,1.0380018,0.06937566,1.033778190612793,0.06949433535337449,0.94931585,0.9513737,1.056266,1.0458032,1.1060705,1.0948784,1.0226965,1.0214747,1.1605073,1.1625009,0.97575545,0.96891356,0.99635834,0.99402684,1.1258836,1.1229157,1.0308485,1.0174897,0.9563154,0.9584049
70,1.0366472,0.07078301,1.0327241579691568,0.0693305308620135,0.94594985,0.9528208,1.0507563,1.0439855,1.1107616,1.0920361,1.0136545,1.0194138,1.1609356,1.1644158,0.9775555,0.9698359,0.99268645,0.9951477,1.1283684,1.1193308,1.0285658,1.015076,0.9572395,0.95517904
71,1.0341277,0.071527824,1.031550391515096,0.06910946915547053,0.9395092,0.95436835,1.0512191,1.0425301,1.0977507,1.0888767,1.011107,1.0178686,1.1682491,1.1656303,0.9760936,0.97006404,0.9985836,0.9964187,1.122964,1.1154541,1.023635,1.0127357,0.95216554,0.95155704
72,1.0284078,0.07143204,1.0304310083389283,0.06904891530672709,0.9427436,0.9565519,1.0479987,1.0411015,1.0771266,1.0846832,0.99959856,1.0169474,1.1742673,1.1674854,0.97084165,0.9695809,0.9995292,0.9973035,1.1172667,1.1120609,1.0053496,1.0104725,0.94935524,0.9481228
73,1.0232629,0.07155405,1.0293341239293416,0.06902595609426498,0.93977517,0.95891273,1.0449263,1.0396726,1.0648588,1.0793473,0.98816997,1.0156016,1.176077,1.1698799,0.97046494,0.9695537,1.0002303,0.9982482,1.1083252,1.1086503,0.99437004,1.0087909,0.94543034,0.94468397
74,1.0257174,0.07031505,1.0282742341359457,0.0693099762002627,0.9530285,0.9615459,1.0345081,1.0381842,1.0839703,1.0732868,0.9990059,1.01383,1.1736796,1.1726532,0.970325,0.9695831,1.00096,0.99916375,1.105693,1.1064935,0.99390393,1.0062377,0.9420995,0.94176424
75,1.0279967,0.07151174,1.0272998889287313,0.06965528974930445,0.9633071,0.96417356,1.0317507,1.0363427,1.0876758,1.0664413,1.0064383,1.0123926,1.1865215,1.1758337,0.9716745,0.9696528,1.0044448,1.0002619,1.09698,1.1046585,0.99304837,1.0040758,0.93812454,0.93916595
76,1.0287699,0.07099935,1.0261073986689249,0.06996198445558548,0.97349024,0.9665745,1.0281253,1.0345211,1.0874883,1.0596546,1.0147103,1.0110251,1.184803,1.1781547,0.9681999,0.9685427,1.0037448,1.000591,1.0988394,1.1026889,0.9941842,1.0028574,0.9341122,0.93646365
77,1.0242679,0.069906235,1.0248640219370524,0.07010199030240377,0.9745133,0.96909285,1.0218787,1.0333622,1.0685493,1.0516062,1.0117872,1.0093846,1.1857634,1.1798276,0.9687646,0.96714884,0.9968488,1.000423,1.0927709,1.1002055,0.9894898,1.0036712,0.9323136,0.9339183
78,1.0228366,0.06735609,1.0238158067067464,0.07013700952132543,0.97714305,0.97188735,1.024565,1.0321525,1.0579447,1.0443238,1.0178176,1.0088514,1.1793894,1.1811953,0.9687907,0.96507436,0.99787354,1.0006423,1.084913,1.0977694,0.993187,1.0051409,0.9267413,0.93112046
79,1.0230467,0.06823534,1.0231531143188477,0.0702885980407397,0.9862381,0.97530454,1.0187029,1.03095,1.0445409,1.0372461,1.0266793,1.0091776,1.1801955,1.1827891,0.9565876,0.96388274,1.0039419,1.0009333,1.0929792,1.0964011,0.99544,1.0064229,0.9251618,0.9284236
80,1.0223472,0.067586675,1.0222201903661092,0.0705830454826355,0.9874532,0.97751504,1.0232586,1.0294119,1.0263104,1.0313195,1.019793,1.0101085,1.182845,1.1837201,0.9637631,0.96279705,1.0072167,1.0011083,1.0884755,1.0958498,1.0034403,1.0046204,0.9209177,0.92575145
81,1.0191517,0.06846309,1.02142124970754,0.07115484823783239,0.992647,0.97990566,1.0244211,1.0281634,1.0058755,1.0253729,1.0076604,1.0119704,1.1859387,1.1844871,0.9722138,0.9617042,1.0037446,1.001254,1.0894761,1.0966117,0.98897207,1.0018393,0.9205688,0.92290366
82,1.018459,0.07098811,1.0202362298965455,0.07187042733033498,0.98777986,0.9820386,1.0289482,1.0273553,0.9870875,1.0172534,1.0113344,1.0116559,1.1901782,1.185188,0.9606336,0.96089375,1.0038366,1.0008556,1.094907,1.0981332,0.995782,0.9984049,0.9241015,0.9205835
83,1.0185707,0.06939552,1.0187468210856119,0.07255879342556,0.98572373,0.9834512,1.0304921,1.0269653,0.9888077,1.0088619,1.0149239,1.0104063,1.18297,1.1848853,0.95647603,0.95917267,0.99886656,0.9999812,1.0924922,1.1002622,1.0126456,0.99494207,0.9223077,0.91854024
84,1.0193511,0.071475744,1.0171741247177124,0.07325434138377508,0.98709065,0.9846427,1.038881,1.0264784,0.9853438,1.0005842,0.99808896,1.0084634,1.1856011,1.1842847,0.95484793,0.95864475,0.9938367,0.9991564,1.0886316,1.1024556,1.0430546,0.9906765,0.9181348,0.9163547
85,1.020924,0.0713083,1.0160919189453126,0.07417476971944173,0.98786724,0.9864914,1.0326132,1.0266141,1.0015273,0.99372476,1.0056565,1.0074413,1.1814499,1.1835873,0.94643813,0.95758194,0.9959761,0.9983097,1.0918274,1.1060812,1.0506111,0.9862445,0.91527224,0.9148431
86,1.0241873,0.07380165,1.015293335914612,0.07521831542253495,0.99076754,0.988655,1.0331804,1.0262527,0.9915849,0.9880613,1.015999,1.0068673,1.1921563,1.1831967,0.95822006,0.9565729,1.0029495,0.99785453,1.10244,1.1103376,1.0428638,0.98111206,0.9117128,0.91402346
87,1.014414,0.07584875,1.0142646312713623,0.07629785239696503,0.9759008,0.990279,1.0249268,1.0262666,0.9882278,0.98296076,1.0135617,1.0044951,1.188233,1.1826812,0.9545557,0.9561621,1.0021526,0.9972585,1.1089958,1.1140379,0.9783138,0.9752288,0.90927243,0.91327643
88,1.0112787,0.08013109,1.0129015763600668,0.07727611859639485,0.9756346,0.991485,1.0262004,1.0255725,0.975659,0.9791751,1.0161004,1.0011644,1.1875821,1.1814,0.9540721,0.9552414,1.002417,0.99640465,1.1197557,1.1173731,0.95265186,0.96860176,0.9027138,0.91259784
89,1.0079421,0.081048734,1.0118068695068358,0.07827392170826594,0.98502314,0.9921658,1.0223852,1.0250415,0.9621779,0.9765451,0.9942883,0.99987626,1.1841938,1.1805406,0.95816886,0.9532467,0.99498254,0.99598473,1.1285148,1.1200664,0.94238967,0.9626987,0.90729713,0.91190296
90,1.0056555,0.08183723,1.010921597480774,0.07872848610083262,0.9844953,0.99351174,1.0258995,1.0241141,0.9618035,0.9755553,0.98769367,0.99913627,1.1819801,1.1786222,0.9458575,0.9528297,0.99133056,0.99555534,1.1289144,1.1219845,0.9411049,0.9571329,0.907476,0.91077375
91,1.0051794,0.081432566,1.0103605429331461,0.07931303431590399,0.9913625,0.9958944,1.0208231,1.0227417,0.96332306,0.97500044,0.98556566,0.9997269,1.175794,1.1779085,0.9602817,0.95255476,0.99137264,0.9954423,1.1317412,1.1236013,0.9302009,0.9510947,0.901329,0.9096406
92,1.0080348,0.08371266,1.0099461634953817,0.0796429177125295,1.0022444,0.998555,1.023914,1.0203323,0.96565753,0.97444797,0.99645716,1.0033904,1.1753021,1.1764647,0.9528221,0.952197,0.9841478,0.9955604,1.1471541,1.1255134,0.9230097,0.94444346,0.9096392,0.9085569
93,1.0108578,0.08300927,1.0094582239786785,0.08005947321653366,1.0095961,1.0013838,1.0191455,1.0182803,0.9729925,0.9730461,1.0092069,1.0053183,1.1735295,1.1758205,0.9536552,0.95263195,0.99104625,0.9951491,1.1487591,1.1275481,0.9162002,0.9381051,0.91444695,0.9072993
94,1.0076162,0.08442839,1.0087350686391194,0.0802064095934232,1.0105993,1.0046723,1.0189095,1.0169901,0.9680331,0.9725623,0.991098,1.005259,1.1724638,1.1743844,0.95042574,0.95228815,0.99500144,0.994393,1.1484834,1.1283311,0.9071913,0.9322041,0.9139568,0.90626645
95,1.0019014,0.08226067,1.0086081584294637,0.08037345806757609,1.005543,1.0096972,1.0128486,1.0167346,0.96952564,0.9724513,0.96983206,1.0053107,1.1636258,1.173302,0.94995254,0.9510305,0.99440867,0.99379975,1.1385039,1.1283815,0.9040345,0.92989707,0.91073865,0.905477
96,1.0027311,0.083430134,1.008726421991984,0.08030752142270406,1.0028589,1.0143136,1.0164543,1.0163276,0.9664256,0.97305274,0.98833746,1.0049273,1.1730478,1.1724994,0.94229317,0.9507836,0.99744594,0.9928504,1.1298751,1.1282715,0.9004269,0.9292578,0.9101456,0.9049804
97,1.0051799,0.07780658,1.0090812206268311,0.08037443210681279,1.0079691,1.0185221,1.0150393,1.0164944,0.97224057,0.9747181,1.0002344,1.0040661,1.1614047,1.1727921,0.9543793,0.9505114,0.99739593,0.9916285,1.1236778,1.1278135,0.9122943,0.9298575,0.90716356,0.90440863
98,1.0101548,0.07816374,1.0092522462209066,0.08029135813315709,1.0214633,1.0228629,1.0099038,1.016628,0.98048455,0.97598743,1.0237834,1.0026768,1.1722639,1.172471,0.95235103,0.9512197,0.9971704,0.98999023,1.1167456,1.1267122,0.92207265,0.9305711,0.9053101,0.90340316
99,1.0131354,0.076423995,1.0096242904663086,0.08046731104453404,1.0269997,1.0275737,1.0027416,1.0170456,0.9770568,0.9777117,1.0530416,1.0014148,1.163943,1.1729218,0.9494823,0.9513481,0.99560905,0.9882597,1.1173141,1.1259216,0.94328666,0.9315856,0.9018791,0.9024606
100,1.0136049,0.07755663,1.0098342736562094,0.08064639170964559,1.0302982,1.0320643,1.001832,1.017388,0.9804995,0.9793601,1.0345749,0.9994627,1.1717864,1.1738282,0.95296186,0.95210063,0.98980606,0.986451,1.122347,1.123911,0.9555351,0.93303037,0.8964083,0.9007464
101,1.01334,0.0760057,1.0097915172576903,0.08084949254989623,1.0400969,1.0358145,1.0138273,1.0180012,0.9843274,0.9806448,1.0151092,0.9969155,1.1706158,1.1743512,0.95306265,0.9532355,0.99160826,0.98287237,1.1141835,1.1220725,0.95434964,0.93564194,0.8962202,0.89836586
102,1.0125103,0.07835448,1.009741489092509,0.08107642432053884,1.0512732,1.0388803,1.021095,1.0182743,0.98656374,0.98225385,1.0143373,0.996161,1.1719974,1.175489,0.9356914,0.9541624,0.99325407,0.9775128,1.1097529,1.1196452,0.9437079,0.93896973,0.8974302,0.89606637
103,1.0130527,0.07914204,1.0098069111506145,0.08116470923026403,1.0448815,1.0408223,1.020095,1.0188849,0.9846795,0.98394865,1.0103492,0.9965855,1.1755424,1.1760844,0.95036864,0.95539224,0.988177,0.9719907,1.1181059,1.1177549,0.94306284,0.9429114,0.8952653,0.8936943
104,1.0132641,0.082052395,1.0098754167556763,0.08108162929614385,1.0481511,1.0414537,1.0248872,1.0194198,0.9871589,0.98660076,0.9813701,0.9969739,1.1885843,1.175777,0.95408595,0.95634925,0.97665364,0.96693003,1.1216439,1.1167461,0.9513851,0.94728756,0.89872026,0.8912163
105,1.0082209,0.08059112,1.010148286819458,0.08095328062772751,1.0496073,1.041129,1.0279044,1.0198257,0.98084337,0.9883949,0.96685517,1.0003687,1.1771641,1.1750414,0.9564815,0.9564744,0.96675634,0.9636653,1.1123947,1.1158577,0.9518089,0.9516163,0.8923943,0.8891095
106,1.0107601,0.08407186,1.010341763496399,0.08069215615590414,1.0620238,1.0425669,1.0270863,1.0201579,0.98918664,0.9897277,0.96663535,1.0029174,1.1825548,1.1731669,0.96220887,0.9561908,0.96541435,0.9605631,1.119883,1.114685,0.9454182,0.95620894,0.8871898,0.88723296
107,1.0111846,0.08639887,1.0103766759236654,0.08056003600358963,1.0696036,1.0444328,1.0290508,1.0204906,0.9903835,0.9911506,0.96717596,1.0035512,1.1889005,1.1717247,0.9641091,0.9562051,0.95701844,0.95912546,1.1169959,1.1134666,0.9446813,0.9583947,0.88392705,0.8852248
108,1.0102165,0.086055785,1.010421840349833,0.08058119515577952,1.0658484,1.047476,1.028343,1.0202368,0.99226356,0.9927503,0.9709986,1.0054251,1.1813728,1.1699879,0.97067857,0.9556227,0.93736595,0.95798856,1.1211807,1.1120489,0.95537394,0.9591214,0.8787384,0.8835606
109,1.0068657,0.08783237,1.0101515849431355,0.08066101620594661,1.0565871,1.0491991,1.0230056,1.0182685,0.99216837,0.9939758,0.97978,1.0086985,1.1895301,1.1678818,0.96432936,0.9551955,0.9146075,0.95638895,1.1120746,1.1107823,0.9571082,0.95957893,0.8794649,0.8815465
110,1.0028827,0.08358494,1.0100349028905233,0.08037212640047073,1.0346721,1.0505508,1.0220075,1.015206,0.99494773,0.99499947,0.9762002,1.0114923,1.1725571,1.1657006,0.9684,0.95624804,0.9115773,0.95479256,1.1101496,1.109797,0.9631589,0.96113473,0.87515694,0.8804276
111,1.0037587,0.082183935,1.009847640991211,0.07969821741183598,1.0123304,1.0527115,1.0244772,1.0125532,1.0062071,0.99621814,0.99416244,1.0129858,1.1684377,1.1631625,0.956648,0.95582306,0.92153597,0.953585,1.1147426,1.1077063,0.96606946,0.9629665,0.8729761,0.8807641
112,1.0092729,0.07588135,1.0098751386006672,0.07862876753012339,1.0030978,1.0552607,1.021129,1.0099177,0.9991533,0.99713635,1.051158,1.0160166,1.1503706,1.159889,0.9562574,0.9562143,0.9484249,0.95315003,1.1103516,1.1050091,0.97722536,0.9645661,0.87556165,0.8815913
113,1.013057,0.074246876,1.0102026462554932,0.07792053371667862,1.0430332,1.0586631,1.0148864,1.0072116,1.0004756,0.9979531,1.0620128,1.018641,1.1441461,1.1577843,0.9480965,0.9564754,0.95063764,0.9528374,1.0991565,1.1032746,0.9909629,0.96647775,0.87716204,0.88270766
114,1.0136591,0.07444219,1.0099888483683268,0.07726248800754547,1.0549872,1.0608704,1.0077336,1.0045118,0.9984011,0.99864227,1.0625501,1.0187166,1.1423107,1.1556755,0.9496967,0.95529884,0.9740445,0.95243925,1.0990375,1.101346,0.97607255,0.9684799,0.8717571,0.8839078
115,1.0142823,0.07787402,1.0097829262415567,0.07643713802099228,1.0759474,1.0620087,0.99802506,1.001672,1.0044945,0.99949014,1.0626829,1.0193799,1.145735,1.1533607,0.9442254,0.95421165,0.9727526,0.95258456,1.1010809,1.0997033,0.9664357,0.97037065,0.8714449,0.8850475
116,1.0092862,0.07720301,1.0094627300898233,0.07550043761730194,1.0659419,1.0627596,0.98430085,0.9986344,1.0027105,1.000275,1.0642083,1.0199157,1.1390243,1.1515375,0.94665474,0.95214045,0.9676145,0.9544843,1.095184,1.0969831,0.9612127,0.97124785,0.8660083,0.8866491
117,1.0107601,0.07402113,1.0091984430948893,0.07426845630009969,1.0715488,1.0640956,0.97515744,0.9957192,1.0019184,1.0006762,1.0562445,1.0211865,1.1392771,1.1482799,0.95148027,0.94977736,0.96930826,0.95733,1.0949737,1.0943159,0.9670446,0.972357,0.88064665,0.88824695
118,1.0102438,0.06903341,1.009179663658142,0.07326885958512624,1.0772927,1.0669309,0.98030436,0.9927293,1.0029597,1.0006996,1.0327528,1.0234967,1.1374725,1.1452188,0.9439934,0.9474764,0.9700633,0.95999527,1.0867461,1.0923446,0.97054017,0.97322327,0.9003131,0.8896817
119,1.0136765,0.06601065,1.0089911063512167,0.07209711571534475,1.086389,1.071759,0.9853551,0.9896393,1.0009316,1.0002364,1.0268328,1.0242257,1.1394814,1.1407816,0.95995456,0.9458722,0.970129,0.9625126,1.0811844,1.0896302,0.9753787,0.97431266,0.911129,0.8909414
120,1.0131335,0.06996761,1.0082793315251668,0.07122450321912766,1.1006445,1.0775135,0.98731196,0.9865722,0.9930953,1.0003335,1.0062208,1.0197215,1.145595,1.1367985,0.96039796,0.9442565,0.9620673,0.9648666,1.0863785,1.0867885,0.980484,0.97406125,0.90913934,0.8918811
121,1.0075531,0.074201174,1.0073714057604473,0.07069332251946131,1.0951322,1.0812565,0.98658884,0.9835021,0.9995233,1.0000787,0.967769,1.015665,1.1509212,1.1324829,0.94456047,0.9433679,0.95944136,0.9682108,1.0909532,1.0849936,0.9754492,0.97262245,0.9051919,0.8915342
122,1.0080957,0.07401862,1.0068485776583354,0.06980205600460371,1.0866785,1.0841627,0.9864548,0.98154074,1.0031021,1.0002886,0.9771241,1.0120834,1.1541787,1.1283995,0.94780135,0.94192165,0.9591981,0.9710518,1.0923551,1.083038,0.9730431,0.9725274,0.9010218,0.89347196
123,1.0054135,0.07200528,1.0062772075335185,0.06878148689866066,1.0771121,1.0858885,0.98277795,0.9797681,1.0040373,0.99978745,0.9790372,1.0088928,1.1540258,1.124767,0.93961096,0.9405275,0.965862,0.974488,1.0803776,1.0801703,0.96853244,0.9727578,0.9027626,0.8957246
124,1.0029014,0.06935265,1.0058650612831115,0.06770263438423475,1.0766273,1.0878477,0.9792779,0.97886276,0.9981843,0.99906355,0.99884075,1.0053025,1.1406647,1.1213689,0.92888284,0.93917674,0.9572928,0.97827417,1.0720674,1.0774235,0.97374445,0.9731556,0.90343326,0.89817524
125,1.002601,0.06859099,1.004885470867157,0.06666218489408493,1.0771996,1.0878876,0.9771589,0.9780201,0.99530065,0.9975808,1.0108554,1.0025669,1.1266419,1.118106,0.93388516,0.93739563,0.9515573,0.98049694,1.080581,1.0741955,0.97615415,0.97310233,0.8966775,0.8995029
126,1.0009303,0.06460778,1.0036685069402058,0.06584081401427587,1.0847528,1.0866104,0.9781267,0.9764362,0.99925745,0.996054,1.0050962,1.000948,1.1018802,1.1149415,0.9325855,0.93652356,0.95929587,0.9817344,1.0740268,1.0715785,0.98241,0.97247565,0.89187133,0.899383
127,0.9985963,0.06279216,1.0018684148788453,0.06510823493202528,1.0894146,1.0827688,0.9751235,0.97426,1.000612,0.9938715,0.9835958,0.99966836,1.090623,1.1117921,0.9320215,0.9351189,0.9837345,0.98200905,1.0677261,1.0691785,0.9734541,0.9719999,0.88965833,0.89801717
128,0.9994381,0.066279165,1.0000386317571004,0.06405706355969111,1.0991793,1.0766402,0.96883434,0.9723483,0.99665153,0.99176145,1.0011646,0.99984014,1.0794119,1.1081151,0.93476754,0.93421394,1.0008008,0.98387355,1.0722326,1.066319,0.96938056,0.97107863,0.8719579,0.8961961
129,1.0058167,0.061073195,0.9984527786572774,0.06279559408624967,1.0985798,1.070262,0.978313,0.9717742,1.0015509,0.9890602,1.0088267,0.99994105,1.08106,1.1044658,0.9280028,0.9339383,1.0166591,0.98636985,1.0697024,1.0631676,0.9746473,0.97114563,0.9008233,0.8944031
130,1.0057118,0.06256548,0.9967182596524556,0.061588772634665175,1.101835,1.0635995,0.97143584,0.97224194,0.99697715,0.9858421,1.014823,0.99844384,1.0912459,1.1003821,0.9233137,0.93293196,1.0242958,0.99005747,1.0580659,1.0594931,0.9698922,0.9712983,0.9052345,0.8928925
131,1.003104,0.061020225,0.9951448122660319,0.06056283265352249,1.0953304,1.0577886,0.97072095,0.97259516,0.99185115,0.98272663,1.0103548,0.9968516,1.0880536,1.096089,0.92639285,0.93242204,1.0244073,0.9934658,1.0539804,1.0568737,0.96717906,0.9716911,0.9027683,0.8909446
132,0.9960662,0.05841439,0.9933718204498291,0.05978313162922859,1.072148,1.0508024,0.9625171,0.9731082,0.9796781,0.9794337,1.0152094,0.9936999,1.0903339,1.0929266,0.9247636,0.9324492,1.0026498,0.9969951,1.0465546,1.0542573,0.96624565,0.9713805,0.900561,0.8886654
133,0.9919893,0.056712843,0.9913151780764262,0.05892204145590464,1.0581331,1.0432775,0.95654595,0.9734774,0.9800569,0.97595626,1.0084689,0.9900708,1.0900044,1.0903667,0.93091255,0.9326065,0.98862493,1.000522,1.0474918,1.0501223,0.96113956,0.9702353,0.89851534,0.886517
134,0.98667514,0.05502196,0.9892332514127096,0.058224235723416014,1.0287652,1.0346199,0.9527114,0.9738605,0.9681945,0.97240424,1.0076387,0.986108,1.0922406,1.0891945,0.93888503,0.9332631,0.9742492,1.0034819,1.0451844,1.045653,0.96824217,0.969133,0.89064085,0.8846143
135,0.9856868,0.054200042,0.9873696446418763,0.05756169358889262,1.008716,1.0259478,0.9586373,0.9742423,0.9614445,0.96969587,1.0087976,0.9842099,1.0904403,1.0884434,0.9468235,0.9343138,0.990034,1.0052868,1.0434859,1.041045,0.96666527,0.96791387,0.8818238,0.8825977
136,0.9837653,0.055279132,0.9856981913248698,0.056727555890878044,0.9994582,1.0159203,0.9779778,0.9753602,0.959005,0.96827674,0.96928257,0.9815458,1.096183,1.0883062,0.94042623,0.9360618,0.99688655,1.0060232,1.0436819,1.0365174,0.9764548,0.96765184,0.8782967,0.8813183
137,0.98207796,0.0559163,0.9836021780967712,0.05640587732195854,0.9867412,1.0054715,0.99347043,0.9756614,0.9548302,0.967228,0.95466644,0.9785911,1.0929216,1.088541,0.93270546,0.93772095,1.0145117,1.0059708,1.0372376,1.0322862,0.9753328,0.9663795,0.8783622,0.8781713
138,0.9818118,0.05661618,0.9813819249471029,0.05606434096892675,0.9899486,0.9938719,0.9880759,0.9765108,0.95730484,0.9667784,0.9551534,0.9753679,1.0896307,1.0881855,0.9319622,0.94020873,1.0169872,1.0035715,1.0410874,1.0296208,0.97442365,0.9651401,0.87354445,0.87456334
139,0.97630656,0.057657134,0.978980811436971,0.05607959702610969,0.97183293,0.9810409,0.9869731,0.97745633,0.948791,0.9664773,0.9515654,0.97355574,1.093229,1.0877924,0.92929095,0.94237286,1.010232,1.0000561,1.0328205,1.0272435,0.96908605,0.96331644,0.8692449,0.8704964
140,0.9717514,0.05567464,0.9771697441736857,0.05635320444901784,0.9643273,0.96905494,0.9826977,0.97860646,0.9431383,0.96688354,0.9564192,0.9734001,1.0882425,1.0868809,0.9362447,0.9445247,1.0044612,0.9992235,1.0185558,1.0247896,0.9589762,0.96181446,0.86445165,0.86651933
141,0.9697014,0.05414069,0.9755559802055359,0.056793391704559326,0.95488995,0.9583774,0.98387295,0.97959596,0.9459773,0.96691793,0.94565386,0.97417295,1.0842978,1.0861782,0.94243383,0.94639397,1.0036937,0.99965674,1.0069876,1.0218961,0.9658758,0.95973325,0.8633313,0.86263734
142,0.9706422,0.052854028,0.974067195256551,0.05694806799292564,0.95933163,0.95110095,0.9808513,0.9809089,0.95998704,0.9673463,0.9551242,0.9734377,1.079356,1.084903,0.9477816,0.94755983,1.0108093,1.0000963,0.9986057,1.0188168,0.95516723,0.95713603,0.8594088,0.8593662
143,0.9743663,0.0537671,0.9729492465655009,0.057083537926276524,0.94876784,0.94705826,0.98560226,0.9818215,0.97536445,0.96896565,0.9612033,0.9729955,1.077354,1.0837979,0.96098787,0.9486211,1.0118456,0.9992615,1.0043199,1.0157238,0.9654499,0.95455796,0.8527671,0.8566892
144,0.9743765,0.056248017,0.9724584221839905,0.05736066848039627,0.94184643,0.9470669,0.9828306,0.98116654,0.9858191,0.9710553,0.96450585,0.97685117,1.0845827,1.0825673,0.9528906,0.94958025,1.0158739,0.9985196,1.006234,1.0120679,0.95556265,0.9517065,0.85361886,0.85400283
145,0.972408,0.057442438,0.9724579215049743,0.058046575138966244,0.9278424,0.95178264,0.9841777,0.9791738,0.99023396,0.9728204,0.9664752,0.9826557,1.0859137,1.0814129,0.9606302,0.95185304,0.988307,0.99636495,1.0180833,1.008869,0.9513003,0.94875294,0.85111517,0.8508938
146,0.96708727,0.061249066,0.9725260257720947,0.05915484055876732,0.9028652,0.9572351,0.9849031,0.97768205,0.98733354,0.97460556,0.9831722,0.9893004,1.0821564,1.0807661,0.958855,0.9536182,0.97167635,0.9941909,1.0183219,1.0056076,0.93982494,0.94468427,0.8417637,0.8475702
147,0.9689002,0.0625185,0.9729762236277263,0.060454488794008894,0.89235806,0.96425533,0.97976947,0.9759724,0.98577213,0.9772996,1.012875,0.99691474,1.0766608,1.0806106,0.95704055,0.95453554,0.9901596,0.9921896,1.0097463,1.0024893,0.94371533,0.9408874,0.84090525,0.8446078
148,0.96778286,0.06331565,0.9736173669497172,0.0619273267686367,0.8979702,0.9711148,0.97138816,0.9741463,0.98057353,0.98037094,1.0200614,1.0045605,1.0794637,1.080623,0.9589516,0.95483434,0.9951236,0.99067473,1.0040895,1.0008823,0.9299219,0.9370058,0.8402857,0.84196097
149,0.96434337,0.057342105,0.9742699980735778,0.06354638934135437,0.9196181,0.9786431,0.97240525,0.97236043,0.9746198,0.98326916,0.9966099,1.0129949,1.0731126,1.0799296,0.95637286,0.9539152,0.9808437,0.9889435,0.99899596,1.0011567,0.9292836,0.9323169,0.841573,0.8391706
150,0.96891755,0.05623209,0.974689535299937,0.0653148797651132,0.94807553,0.9870638,0.9723267,0.97026414,0.98573446,0.98550594,1.0021652,1.0183352,1.0738643,1.0792977,0.9627428,0.9522667,0.9775115,0.9874315,0.9970902,1.0025822,0.9279944,0.9276405,0.8416696,0.83650774
151,0.97640294,0.05943609,0.9747407476107279,0.06696963484088579,0.9995883,0.9963209,0.96815354,0.96764135,0.9903501,0.98666745,1.027117,1.0220964,1.0777241,1.0790168,0.9548134,0.9490123,0.98575747,0.9862915,0.98884225,1.0032697,0.9336828,0.92263794,0.838001,0.83445334
152,0.98207045,0.0662049,0.9744653463363647,0.06793059681852659,1.0574776,1.0039707,0.9635787,0.9650744,0.98130685,0.98765033,1.0417348,1.02461,1.0756058,1.0777426,0.966797,0.9465994,0.98219234,0.9839307,0.98925626,1.0035776,0.9310297,0.91903174,0.8317264,0.8324658
153,0.9828334,0.07324016,0.9740259329477946,0.06854328115781148,1.0717349,1.0113118,0.96570057,0.9625068,0.98408216,0.9883555,1.0548229,1.0264549,1.079928,1.0761634,0.9584406,0.94362295,0.9843762,0.98302054,0.992165,1.0023918,0.9133933,0.9155915,0.8236907,0.83084035
154,0.9830595,0.07715186,0.9739468296368917,0.068987887352705,1.0771366,1.019806,0.96132827,0.959905,0.98920083,0.9887309,1.065781,1.0284245,1.0908972,1.0753244,0.9430505,0.9409966,0.98021275,0.98264885,0.9860469,1.0008297,0.912133,0.9134796,0.8248082,0.829323
155,0.98136854,0.07776721,0.973603634039561,0.06940685287117958,1.0672195,1.0287331,0.955306,0.95760506,0.9892087,0.98920363,1.0711062,1.0291616,1.0884289,1.0748203,0.9407268,0.9384386,0.9817378,0.9799165,0.9944497,0.9992338,0.900752,0.91130275,0.8247496,0.82762116
156,0.9794909,0.07842663,0.9729216059048971,0.06970794126391411,1.0678145,1.0346426,0.9570849,0.95564705,0.9894509,0.9897643,1.0721686,1.0299754,1.0738951,1.0743812,0.9286465,0.9357428,0.97772604,0.9755228,1.0111032,0.9976231,0.89554274,0.909858,0.82147545,0.8260588
157,0.97693527,0.079381384,0.9724882880846659,0.07043196236093839,1.085642,1.039104,0.9494066,0.9538534,0.9935386,0.9910811,1.0352299,1.0328437,1.0698779,1.0741931,0.92305434,0.93310755,0.988129,0.97147596,1.019988,0.99603647,0.8850206,0.9086294,0.8194662,0.82455814
158,0.9751345,0.078588426,0.9718161026636759,0.0714017262061437,1.087624,1.0424228,0.94626105,0.95217615,0.9927872,0.99147356,1.01762,1.0363451,1.0731406,1.074046,0.91217107,0.9297189,0.9947459,0.96746904,1.0146322,0.9938127,0.8904114,0.90760565,0.8219518,0.8230909
159,0.9702455,0.07066245,0.9708613673845927,0.07225322872400283,1.0565946,1.0455909,0.9443267,0.9507984,1.0005623,0.9916572,1.002212,1.0377742,1.0654694,1.0730003,0.91669846,0.92717606,0.9804617,0.96307135,1.0108538,0.99120003,0.90147024,0.906451,0.8238058,0.82189435
160,0.9658168,0.0666327,0.9699017723401387,0.07250293840964635,1.0379579,1.0454717,0.9456626,0.9498167,1.0008116,0.99276936,0.9941481,1.0385501,1.0622256,1.0721726,0.9159826,0.9239951,0.97465456,0.9606596,1.0002958,0.98777497,0.8996964,0.905623,0.8267325,0.82218444
161,0.9659007,0.06791816,0.9689828832944234,0.07237250606218974,1.030279,1.045274,0.9458767,0.94862443,0.9929643,0.993648,1.0127146,1.0384256,1.0695721,1.0712152,0.91945976,0.92178774,0.9661005,0.9582196,0.9948898,0.9834404,0.908147,0.90586793,0.81900334,0.8233258
162,0.96375227,0.06880298,0.9682928204536438,0.07197112341721852,1.0262648,1.045078,0.9452706,0.94786066,0.99286276,0.99453974,1.0239316,1.0370324,1.0690984,1.0695723,0.918671,0.92113316,0.94917417,0.9577615,0.98580843,0.9796092,0.91106194,0.9061663,0.81537855,0.8241748
163,0.95755243,0.06783198,0.9678203582763671,0.07133335570494334,0.986612,1.0439973,0.9420179,0.94766706,0.9889834,0.9947371,1.0322694,1.0355811,1.0728786,1.068376,0.9185146,0.9212265,0.9292189,0.95813185,0.97992885,0.9767141,0.9082505,0.9068769,0.8168498,0.82489574
164,0.9578436,0.06820242,0.9678215821584065,0.07090520560741424,0.98653793,1.04328,0.94550043,0.9473585,0.99437225,0.99496484,1.0396346,1.0349685,1.0702907,1.0688367,0.91684425,0.92265517,0.9201404,0.9597319,0.9751968,0.9722531,0.9108551,0.90853065,0.8190632,0.82563645
165,0.95883477,0.07077855,0.9676153977711995,0.07026980618635813,0.9978585,1.039004,0.94716763,0.94727135,0.99162155,0.9949902,1.0546869,1.0364128,1.0716588,1.0691354,0.91191244,0.9240902,0.9174082,0.96096444,0.96373343,0.96789116,0.9126384,0.91049373,0.81966144,0.82590055
166,0.9620819,0.07220863,0.9675997575124105,0.06975322365760803,1.0471095,1.0350057,0.9474868,0.94773567,0.99310416,0.99595827,1.0485518,1.039088,1.062037,1.0691029,0.9166707,0.92593056,0.919792,0.9610483,0.9496527,0.9640997,0.91636235,0.91230166,0.82005256,0.82572687
167,0.9676765,0.06995054,0.9678090890248616,0.06974585900704065,1.0556896,1.033123,0.94885355,0.94797873,0.9979897,0.9968744,1.053375,1.0423951,1.0631906,1.0696625,0.9190829,0.9269929,0.9460159,0.9608543,0.93788016,0.96146536,0.9186107,0.9131609,0.8360774,0.8255839
168,0.96905005,0.071283676,0.9680679082870484,0.0699808473388354,1.0687704,1.0336602,0.94781697,0.9482268,0.99726176,0.99747723,1.0529543,1.045631,1.0655664,1.0699817,0.92533,0.92825377,0.94777596,0.9585367,0.9271463,0.95937544,0.91706634,0.91419905,0.8408115,0.82533723
169,0.9727086,0.07113112,0.9679671923319498,0.0702217901746432,1.0741963,1.0345076,0.94987124,0.94832087,1.0025772,0.9984059,1.044882,1.047636,1.0662541,1.0696195,0.9332324,0.92949164,0.97334194,0.95473444,0.9285787,0.95664585,0.9166094,0.91490614,0.8375428,0.8254039
170,0.9742816,0.06820069,0.9686066309611002,0.07036856512228648,1.0510075,1.0366712,0.9524023,0.94845515,0.99216837,0.99946624,1.0493374,1.0490063,1.070484,1.0695289,0.94212687,0.9311759,0.9872922,0.95648175,0.9510232,0.953761,0.9114103,0.91564906,0.8355639,0.82587093
171,0.97950923,0.07200438,0.9696330944697062,0.07074855317672094,1.0570554,1.0425957,0.95245606,0.9487504,0.9928675,1.0009139,1.0629804,1.0492235,1.080807,1.0693369,0.9500757,0.93279016,1.0017271,0.95987797,0.9441883,0.9500707,0.92034924,0.91634935,0.8325859,0.8264226
172,0.9738425,0.06985039,0.9706159194310506,0.07140592237313588,1.0215026,1.0489533,0.94809926,0.9497998,0.9939194,1.0019192,1.0568947,1.0491718,1.0743582,1.0694423,0.9445802,0.93383956,1.0066174,0.96344966,0.95455897,0.94723135,0.914467,0.9165792,0.8234276,0.8257733
173,0.9748999,0.07083969,0.9714660366376241,0.0721696491042773,1.0276493,1.055975,0.953226,0.9502981,1.0073074,1.0032537,1.0577475,1.0482057,1.0726527,1.0693954,0.93977654,0.93499154,0.9960034,0.96609104,0.95776004,0.9449497,0.91753036,0.9164018,0.8193469,0.8250986
174,0.97338545,0.07055198,0.9717454870541891,0.07284833441178004,1.0283552,1.0594456,0.94797313,0.9509185,1.0143042,1.003681,1.0518175,1.0468837,1.0738617,1.0701635,0.93263334,0.9351448,0.97755146,0.9678695,0.9713392,0.94295067,0.91435844,0.91635126,0.82166046,0.82404655
175,0.9696991,0.07015753,0.9718859831492106,0.07354622135559717,1.0460147,1.063068,0.94938385,0.9522836,1.0098542,1.0043323,1.0426886,1.0448877,1.0670145,1.070635,0.93489575,0.93591994,0.939891,0.9667698,0.96894675,0.94135183,0.91526866,0.9165329,0.8230335,0.8230791
176,0.96439,0.0715323,0.9717976768811544,0.0744054675102234,1.0429913,1.0658356,0.9472874,0.9539307,1.0068944,1.005577,1.0427881,1.0427825,1.0641408,1.0712588,0.9380283,0.9365396,0.90906686,0.96334565,0.95394593,0.94027215,0.91875386,0.9168503,0.82000303,0.8215848
177,0.97334385,0.07100461,0.9713316361109415,0.07530059019724528,1.0587171,1.0677654,0.9472852,0.9551809,1.0087684,1.0057881,1.0444865,1.0428851,1.0677389,1.0713896,0.9439343,0.9362456,0.97538334,0.9576045,0.9425356,0.93893176,0.92220515,0.9170802,0.82238394,0.8204455
178,0.9729494,0.0735318,0.9708211143811544,0.07637415329615276,1.0754809,1.0706701,0.94644576,0.95584846,1.0106972,1.0068895,1.0355277,1.0441328,1.0699979,1.0709469,0.94272894,0.9349394,0.9801623,0.95199895,0.9245738,0.93585473,0.91875494,0.9173603,0.8251245,0.81957024
179,0.972586,0.07806296,0.9701156377792358,0.07725468178590139,1.0819007,1.0737885,0.9612415,0.95660055,1.0094523,1.0083725,1.0388582,1.0444516,1.0718719,1.069676,0.9325849,0.9330179,0.97371614,0.94665134,0.9326069,0.9337254,0.9143031,0.91592443,0.8093241,0.8189483
180,0.9715865,0.08223445,0.9698357820510864,0.07838327338298162,1.1031836,1.0796753,0.9546418,0.9579242,1.0116401,1.009228,1.0401967,1.0456387,1.0709558,1.0685153,0.92919254,0.9309677,0.9570284,0.94246787,0.9295084,0.9304273,0.9099772,0.91482747,0.8095409,0.8186863
181,0.96627367,0.08238891,0.9693445603052775,0.07935290038585663,1.0991691,1.084894,0.9567932,0.959031,0.9995129,1.0096906,1.0287217,1.0454693,1.0735571,1.0671173,0.91896945,0.92915195,0.94646937,0.93947977,0.91966814,0.92726165,0.91560405,0.91331214,0.8042721,0.8180381
182,0.96978396,0.08041885,0.9687077522277832,0.08022282421588897,1.1100259,1.0895206,0.96933043,0.9603808,1.0077596,1.009123,1.0234344,1.0453842,1.0702628,1.0650961,0.93070984,0.9277292,0.92952037,0.93744683,0.91389716,0.92377967,0.92133504,0.9119111,0.82156515,0.8167061
183,0.96772546,0.08417237,0.967856236298879,0.08103026151657104,1.1102847,1.0925473,0.9725227,0.9615176,1.0159316,1.0086566,1.0213761,1.0443844,1.0749242,1.0634233,0.9346251,0.92599106,0.8964131,0.93707544,0.91095084,0.91976124,0.9218279,0.9102245,0.8183973,0.8149811
184,0.965718,0.08455796,0.9671819965044658,0.08181357930103937,1.1031418,1.0957398,0.9686252,0.9627011,1.0057442,1.0082345,1.0464197,1.0430515,1.0682161,1.0617985,0.92882246,0.92402726,0.88722557,0.9381004,0.9084736,0.91677034,0.92005783,0.90857697,0.8204531,0.8128198
185,0.9666238,0.08430414,0.9656603256861369,0.08276949425538381,1.0945791,1.0978171,0.9624151,0.9639158,1.0086879,1.0077475,1.0680552,1.0412122,1.0638453,1.0597368,0.9225333,0.9208012,0.90320885,0.93423265,0.9048673,0.9144959,0.9156115,0.9067936,0.82243526,0.8098506
186,0.9689271,0.085212305,0.9645173629124959,0.08328662465016047,1.1038312,1.0992341,0.9637381,0.9653395,1.0151136,1.0071455,1.0677611,1.0404778,1.061743,1.0569925,0.92125386,0.9175833,0.9215129,0.9311516,0.9122488,0.9134831,0.89881134,0.9056593,0.82325727,0.808107
187,0.96964467,0.08677927,0.9634812792142232,0.08350361486275991,1.1098052,1.0999422,0.9679537,0.965948,1.0067513,1.0067883,1.074701,1.0401741,1.056946,1.0537765,0.91382706,0.9143892,0.94386536,0.929595,0.9050877,0.9122507,0.8980122,0.90428895,0.819497,0.8076601
188,0.96753156,0.08538409,0.9623673677444458,0.08337103525797526,1.1059291,1.0988606,0.969828,0.9666049,1.0142474,1.0061226,1.0552062,1.0396336,1.0516841,1.0504028,0.9125402,0.9111563,0.9511816,0.9289513,0.91027427,0.9113777,0.89480114,0.9036206,0.8096236,0.8069433
189,0.96383333,0.083600834,0.961336592833201,0.08325551897287368,1.0977546,1.0980282,0.96822035,0.9675328,1.0057896,1.0062982,1.0505418,1.039071,1.0435435,1.0468228,0.9112919,0.90872353,0.94705766,0.92751265,0.91911024,0.9107247,0.8933422,0.90222365,0.80168134,0.8064284
190,0.95692635,0.08226909,0.95999516248703,0.08357362697521846,1.091415,1.0967993,0.96643543,0.9675181,1.0028596,1.0060228,1.0276911,1.0385525,1.0419219,1.04343,0.9088235,0.9053503,0.93431944,0.92759436,0.9086701,0.9112987,0.88996994,0.90000075,0.7971582,0.80338484
191,0.9542764,0.08328207,0.9589891711870829,0.08368469576040903,1.0908796,1.0957661,0.9650395,0.9666564,1.0005621,1.0058494,1.022795,1.0372214,1.0397688,1.040156,0.90857184,0.901999,0.9244418,0.9318908,0.909082,0.911536,0.89404064,0.89862674,0.78758276,0.8001901
192,0.9505188,0.08534333,0.9581224997838338,0.08366299619277319,1.0898749,1.0943398,0.9655066,0.9655665,1.0014638,1.0073271,1.0168973,1.0345187,1.036815,1.0370429,0.8955436,0.89901775,0.9173669,0.93677056,0.90841895,0.9119956,0.89545447,0.8977059,0.7778464,0.79694015
193,0.95580494,0.081288755,0.9573680281639099,0.08373497476180394,1.0967366,1.0934851,0.96780086,0.9648424,1.001667,1.0090051,1.0245113,1.0305356,1.0288333,1.0337197,0.8944595,0.89611846,0.9339468,0.9429614,0.90938187,0.91192555,0.90174127,0.8972478,0.7989709,0.7938393
194,0.9570447,0.08131781,0.9564284046490987,0.08375435421864191,1.0925226,1.0918294,0.970369,0.96379673,1.0040927,1.01146,1.0343031,1.0267307,1.0236304,1.0301962,0.8846738,0.8929528,0.95036644,0.94591236,0.91412127,0.91222,0.8937477,0.8986493,0.8026201,0.7905369
195,0.95487785,0.080245756,0.9555042862892151,0.08372565060853958,1.0869607,1.0894438,0.96449506,0.96234256,1.0016562,1.0146502,1.0320903,1.0232964,1.0203491,1.0266938,0.88069904,0.89018273,0.94737375,0.9472395,0.9164133,0.91261685,0.8999515,0.9013313,0.7987889,0.78724575
196,0.95081204,0.08065616,0.9551154414812724,0.08398018926382064,1.0866822,1.0882589,0.9707122,0.96127236,1.0021471,1.0165974,1.0202814,1.0221599,1.0198579,1.0238563,0.8824785,0.8874504,0.9248891,0.94931865,0.9098728,0.9123537,0.89465016,0.90533894,0.79654866,0.78454804
197,0.9496625,0.08519047,0.9547924399375916,0.08456048419078191,1.0915915,1.0872129,0.96911,0.9598846,1.0036283,1.019655,1.0156575,1.0217245,1.0193703,1.021659,0.8801115,0.8845665,0.93074596,0.9513338,0.92250717,0.9113909,0.88799113,0.9087403,0.7759117,0.7817569
198,0.9526356,0.0858384,0.954764707883199,0.08515417824188869,1.0947864,1.0868496,0.9595965,0.9583804,1.01333,1.0226678,1.0014095,1.023354,1.0258147,1.01901,0.8843552,0.8823122,0.96085936,0.95252186,0.91451025,0.91103,0.9012178,0.91192067,0.77047646,0.7796006
199,0.9527179,0.084232464,0.9547956307729085,0.08582451194524765,1.0817496,1.0866481,0.95227695,0.95695996,1.0279104,1.0264344,1.005879,1.0253234,1.0215198,1.0161536,0.8841032,0.87972397,0.96042246,0.9540991,0.9153678,0.9096623,0.90624577,0.9147742,0.77170414,0.7781772
200,0.9553067,0.08538382,0.954969052473704,0.08631484806537629,1.0817573,1.0866492,0.95155376,0.9559106,1.0338578,1.0293779,1.0083073,1.0280284,1.0139971,1.0133837,0.87904465,0.8778877,0.99607134,0.95524704,0.9038168,0.90840966,0.90874,0.9172137,0.77592194,0.7775825
201,0.95483273,0.085503,0.9547291239102681,0.08711644609769185,1.0789958,1.0862666,0.9480533,0.9540105,1.0519353,1.0329611,1.010688,1.0295846,1.0088903,1.0113461,0.87376845,0.8762382,0.96577704,0.955935,0.91666514,0.90651125,0.9198334,0.91875374,0.77372134,0.77568394
202,0.9557829,0.08634871,0.9542234142621359,0.08802871654431026,1.0740212,1.0867527,0.9461406,0.9520151,1.0546069,1.0361085,1.023186,1.0299025,1.0044112,1.0095694,0.87227654,0.875758,0.9637734,0.9556717,0.9110406,0.9043648,0.938242,0.9189883,0.77013016,0.7731032
203,0.9616989,0.08920217,0.9535682956377666,0.08927890062332153,1.0881543,1.0877373,0.95377517,0.95059943,1.0434549,1.040089,1.03816,1.0298909,1.0091202,1.0076245,0.87155443,0.8752394,0.9823685,0.9547014,0.9063273,0.90167344,0.95491654,0.918027,0.76915765,0.7701006
204,0.9589883,0.09230526,0.9528563857078552,0.09056641260782877,1.0820658,1.0887978,0.94740355,0.9487762,1.0516534,1.0444303,1.0440105,1.0291257,1.0105859,1.0058613,0.8680339,0.8742698,0.97728497,0.95525306,0.90466815,0.897905,0.9443618,0.9164395,0.7598142,0.76770556
205,0.95651037,0.0911745,0.9516769647598267,0.09122954954703649,1.0859653,1.0887382,0.94387317,0.9472104,1.0480515,1.0482965,1.0521344,1.0251434,1.0021847,1.0042075,0.87500876,0.87334776,0.95214015,0.95478296,0.9032561,0.8935647,0.9376754,0.9147292,0.7648144,0.7667493
206,0.9547402,0.093337074,0.9502580483754476,0.09184669355551402,1.0878575,1.0880593,0.9437329,0.9459417,1.057062,1.0519112,1.0523355,1.0228732,0.9969237,1.0019835,0.8697483,0.8721996,0.9481005,0.952061,0.8885672,0.8892257,0.9368437,0.9117464,0.76623076,0.766579
207,0.9531201,0.09269837,0.9487076958020528,0.09259707232316335,1.0898914,1.0882592,0.9497667,0.9448944,1.0456159,1.054718,1.0574708,1.0201073,0.9952682,0.99972993,0.8680002,0.8713191,0.9345856,0.94929725,0.8896293,0.88474464,0.9320468,0.90736413,0.76892686,0.76664317
208,0.952206,0.093312725,0.9469612956047058,0.09330292741457621,1.0909983,1.0880553,0.93929857,0.94422245,1.0554148,1.0565922,1.0478565,1.0187316,0.998268,0.9979509,0.8697166,0.8703397,0.9442667,0.94378215,0.8809058,0.88113946,0.92484254,0.9027793,0.7704921,0.7660199
209,0.9494591,0.09500187,0.9451630234718322,0.09394994477430979,1.099812,1.0878546,0.94043845,0.943685,1.0513036,1.0566543,1.0390704,1.0174161,0.9969791,0.99641633,0.8774711,0.8700903,0.9464168,0.9404618,0.88192457,0.876506,0.8972656,0.8972886,0.76390874,0.7652571
210,0.9450511,0.09899852,0.9431107560793559,0.0943277155359586,1.1017306,1.0871269,0.9432596,0.94293326,1.0613637,1.0558208,1.0319173,1.015572,0.9911765,0.995357,0.8729194,0.8695266,0.9328195,0.9367426,0.8760423,0.8722224,0.88553214,0.8909691,0.75374985,0.76483697
211,0.9401334,0.09996884,0.9408712426821391,0.09461004684368769,1.1025896,1.0864135,0.94336313,0.94136655,1.067265,1.0559036,1.0088028,1.0131354,0.99340874,0.9939652,0.86793435,0.8689076,0.9331634,0.93165785,0.8533464,0.86894333,0.87083775,0.88367355,0.7606232,0.76474583
212,0.9319712,0.09513752,0.9385430415471395,0.09469958494106928,1.090697,1.0867786,0.9456228,0.94005054,1.0616224,1.0540699,0.95592225,1.0096713,0.9945642,0.99262303,0.8662817,0.86853606,0.9236944,0.9263504,0.8574025,0.86581004,0.8623363,0.8764294,0.76156837,0.76511127
213,0.93135184,0.09509556,0.9361945112546285,0.09477315694093705,1.0846043,1.0859503,0.94056696,0.938435,1.0675501,1.0529608,0.9673567,1.0058503,0.992456,0.99140126,0.8671322,0.8673786,0.9200304,0.92228734,0.84942555,0.8629187,0.85647607,0.8696685,0.7679206,0.7650944
214,0.9294626,0.095488146,0.9338807980219523,0.09487327833970388,1.0847471,1.0856273,0.93656707,0.93681276,1.0700123,1.0505911,0.96439105,1.0022932,0.98771465,0.9904449,0.8708964,0.866592,0.918966,0.91883475,0.8481515,0.86047935,0.8405119,0.86241555,0.7726675,0.76471704
215,0.9291107,0.095971644,0.9319668531417846,0.0948994408051173,1.0786988,1.0855343,0.94147503,0.9349713,1.061972,1.0490637,0.98767173,0.99899775,0.98731184,0.9898014,0.8643534,0.86596507,0.9133453,0.91573447,0.84973955,0.8582926,0.83996725,0.8558587,0.76657206,0.7654493
216,0.92785865,0.09520826,0.9302093466122945,0.0948792427778244,1.0759867,1.0850178,0.9399909,0.9343471,1.0528656,1.0478828,0.9909556,0.99590087,0.98587227,0.9890821,0.8700273,0.8652315,0.91597176,0.9119786,0.8471626,0.8559873,0.8374732,0.8504426,0.7622799,0.76622283
217,0.9249989,0.092015274,0.928894305229187,0.09478477090597152,1.0631034,1.0849011,0.93486524,0.9336062,1.0421042,1.046185,0.99552417,0.99352825,0.9885205,0.9884212,0.86382127,0.86507094,0.90798503,0.90778595,0.8467872,0.85289526,0.84344983,0.84996194,0.7638284,0.7665873
218,0.9281062,0.09343714,0.927544093132019,0.09462991207838059,1.0774552,1.0848277,0.9302744,0.93182135,1.0446961,1.0434444,1.0016112,0.9922803,0.9882434,0.98789036,0.86226916,0.8650899,0.90609735,0.90428054,0.85714155,0.8500732,0.84548324,0.84829843,0.7677907,0.7674349
219,0.9240653,0.09364833,0.9264958262443542,0.09436895350615183,1.0875416,1.0851129,0.9276635,0.9296546,1.0241487,1.0395181,0.99204916,0.99243885,0.99045366,0.98744017,0.8624611,0.86528903,0.8976731,0.9007061,0.8576684,0.84853673,0.8356986,0.8481117,0.7652953,0.76815003
220,0.9212824,0.09227808,0.9258556723594665,0.09472951839367548,1.0735406,1.0864692,0.91963995,0.92703253,1.0314152,1.0354469,0.9948205,0.99665654,0.98385817,0.9874775,0.8576461,0.8655229,0.8911946,0.8975852,0.8598853,0.84666497,0.8362626,0.84770185,0.7645612,0.7679993
221,0.9200345,0.094838895,0.9250797510147095,0.09530617843071619,1.0830137,1.0884593,0.9193993,0.9242897,1.0215172,1.0309112,0.998978,1.0001382,0.98257864,0.9874409,0.8579493,0.86609787,0.8963113,0.8941604,0.8519774,0.84478885,0.8280497,0.8479261,0.7605709,0.76658535
222,0.92441094,0.09309081,0.9244780659675598,0.09571640441815059,1.0884963,1.0901631,0.92214435,0.921627,1.0227035,1.0257688,1.0080385,1.0041837,0.9856157,0.9877542,0.8585966,0.86651224,0.8880816,0.8902148,0.8568282,0.844557,0.8336938,0.8491568,0.77991027,0.76484317
223,0.9258434,0.093009755,0.923828911781311,0.0961879347761472,1.0832493,1.0925813,0.92993563,0.9190728,1.0377026,1.0210605,1.0014037,1.0068349,0.98747796,0.9880266,0.85871303,0.8673939,0.88792855,0.885756,0.84632653,0.8437161,0.8436008,0.8497221,0.7820959,0.764125
224,0.92973346,0.09358479,0.9231264154116313,0.09678232073783874,1.098063,1.0954615,0.9293253,0.91638684,1.0258367,1.0169128,1.0034808,1.0091468,0.98706543,0.9878529,0.87506306,0.8679831,0.883527,0.8807606,0.8355437,0.8422911,0.8900556,0.85078645,0.7693753,0.7636821
225,0.9247979,0.096675634,0.9226433277130127,0.09759402771790822,1.1006275,1.0994643,0.91648626,0.91386914,1.0202539,1.0128248,1.0131985,1.010981,0.9832141,0.98797524,0.8732032,0.86927193,0.8802389,0.8761329,0.833712,0.8405995,0.8605802,0.85209554,0.7664641,0.76321906
226,0.9244094,0.096054465,0.9217229048411052,0.0984755386908849,1.1068699,1.1022732,0.91086197,0.9114945,1.0083711,1.0084999,1.0111812,1.012818,0.9866562,0.988055,0.8709219,0.8704366,0.8795462,0.8711557,0.8302988,0.83831173,0.8680358,0.85217124,0.77134985,0.7620133
227,0.9223689,0.100545995,0.920547870794932,0.0996425504485766,1.1110404,1.104553,0.906292,0.9074291,1.0005535,1.005457,1.0191876,1.0152845,0.99512345,0.9879718,0.86978966,0.87093943,0.87688136,0.8667339,0.82932615,0.8352963,0.8561887,0.8508103,0.7593069,0.7610033
228,0.919713,0.10374546,0.9194853186607361,0.10065478434165319,1.114455,1.1071728,0.89942425,0.9040235,0.9995145,1.001608,1.0195801,1.017372,0.99190724,0.98789716,0.8757565,0.8717922,0.8686576,0.86314017,0.8212838,0.8319128,0.8598399,0.8497811,0.7467116,0.7601532
229,0.92043734,0.101641536,0.918813701470693,0.10141309201717377,1.1103057,1.1091241,0.8966264,0.89998037,0.99287564,0.9984085,1.0250735,1.0194898,0.9924152,0.9881625,0.87711215,0.8728861,0.8597822,0.8592188,0.84467393,0.8287848,0.85897225,0.8526663,0.7465349,0.7594158
230,0.9193734,0.1030446,0.9180519421895345,0.10216344644625981,1.1149713,1.1110338,0.9031629,0.8963862,0.9913478,0.99556786,1.0274405,1.0205497,0.9913973,0.9877042,0.8775786,0.87380797,0.84646386,0.8560541,0.8371259,0.8255041,0.8484468,0.8562544,0.75579935,0.7576572
231,0.9173212,0.10412405,0.9174497803052266,0.10284591217835744,1.1191897,1.1125828,0.8997011,0.8922068,0.9906524,0.99286216,1.0256344,1.0221292,0.98326594,0.98738337,0.87886494,0.8743865,0.84104013,0.8532066,0.82578784,0.8230566,0.85343856,0.8609155,0.7556368,0.7557684
232,0.91775256,0.10419088,0.916755485534668,0.10355912894010544,1.1231446,1.1134783,0.8971,0.8885632,0.9807822,0.9909375,1.0230373,1.0240777,0.99035656,0.9864949,0.88315403,0.87369144,0.8385699,0.85084814,0.82141227,0.82086045,0.86308634,0.8636233,0.75688237,0.75497997
233,0.91429985,0.10665981,0.9163931290308635,0.10416421542565028,1.1195891,1.1138228,0.8946544,0.88387287,0.979823,0.98941785,1.0291656,1.0251341,0.9894395,0.9863887,0.87973905,0.87350684,0.83143866,0.8497595,0.82282615,0.8186692,0.8466187,0.86958826,0.7497048,0.7537711
234,0.9064398,0.111153506,0.9163909236590068,0.10471100012461344,1.1217378,1.1139984,0.8666823,0.88031286,0.9785069,0.98814,1.0290484,1.0264814,0.98920554,0.98634076,0.8700031,0.87369406,0.8313467,0.84967893,0.81243646,0.8166418,0.81528485,0.875958,0.75014544,0.752663
235,0.9053441,0.10746159,0.9165133595466614,0.10489283055067063,1.1128399,1.1138122,0.86855716,0.87592727,0.9736801,0.98704004,1.0261312,1.0269848,0.98273885,0.98538065,0.8704379,0.87420654,0.83728886,0.8506873,0.8091333,0.8153154,0.82082474,0.88364315,0.75180954,0.75213605
236,0.90996027,0.10621351,0.9168360273043314,0.10482889165480931,1.1122808,1.1130741,0.8587517,0.8720017,0.9735237,0.98598427,1.0307444,1.0273341,0.9865586,0.9849546,0.87435836,0.8736801,0.8374904,0.8522558,0.8050575,0.8144378,0.87132764,0.8918312,0.74951,0.75280654
237,0.91298455,0.10434613,0.9170975168546041,0.10499490300814311,1.1171429,1.1130812,0.8682317,0.86755013,0.9800938,0.98542976,1.0239378,1.0273563,0.97874117,0.9842614,0.87242407,0.87345743,0.84061146,0.85398674,0.8076176,0.8119719,0.8875147,0.9000978,0.7535306,0.7537824
238,0.916811,0.10324674,0.9175361434618632,0.10495946904023488,1.1064844,1.1123167,0.8672447,0.8628055,0.99711746,0.985111,1.0250957,1.027191,0.9826657,0.9839934,0.86739045,0.87308383,0.8452152,0.85737693,0.80961317,0.8099958,0.91351783,0.90917,0.7537651,0.75431716
239,0.91931903,0.10428304,0.917895495891571,0.10489422132571538,1.111495,1.1106733,0.8746709,0.85707784,0.9969663,0.9848851,1.0327092,1.0273696,0.97373813,0.9838211,0.8646372,0.872423,0.84815085,0.8615796,0.8026017,0.8085698,0.9306725,0.91775525,0.75754845,0.75480026
240,0.91936255,0.10575193,0.9182344555854798,0.10468362321456273,1.1057951,1.1082171,0.8461316,0.8521628,0.9974594,0.98504436,1.0290445,1.027603,0.98162127,0.98285395,0.870435,0.8709854,0.86390907,0.8655683,0.80084354,0.80751634,0.95005447,0.9268963,0.7483313,0.7554971
241,0.9243763,0.104256235,0.9187186002731323,0.1044451837738355,1.1095046,1.1063968,0.8574621,0.8469181,0.98920316,0.9855702,1.0313897,1.0271921,0.9859372,0.98129666,0.8737297,0.8700742,0.87833744,0.8706935,0.7998881,0.80598366,0.9635825,0.93681437,0.7547284,0.7562463
242,0.9242054,0.10327345,0.9195820252100627,0.10381701836983363,1.1082469,1.1043589,0.8405075,0.8435702,0.9840546,0.9854658,1.0267403,1.0265898,0.98072135,0.97958636,0.8774768,0.8698023,0.89200735,0.8757898,0.80943,0.80516815,0.9714658,0.94860685,0.7514025,0.756882
243,0.92455304,0.10278638,0.9205764770507813,0.10317862182855606,1.1033832,1.1021098,0.8405412,0.8404193,0.9836777,0.9854649,1.0248188,1.0258124,0.98551655,0.97837025,0.8678599,0.86954284,0.8921852,0.88210636,0.80811924,0.80464065,0.9826601,0.95978206,0.7567685,0.75751615
244,0.9243597,0.104131706,0.921195940176646,0.10280637641747793,1.1104132,1.1002612,0.82985294,0.8362804,0.98455787,0.9855453,1.0254061,1.0244594,0.9820175,0.9769583,0.8737721,0.869108,0.8857458,0.8886788,0.8076862,0.8044462,0.9829715,0.9676719,0.761173,0.7585498
245,0.9259528,0.10251309,0.921560009320577,0.10239946693181992,1.1035041,1.0971588,0.83199316,0.831547,0.9865663,0.9846853,1.0249621,1.0234717,0.98737705,0.97611904,0.87197447,0.86882967,0.8973171,0.895656,0.8074835,0.8041185,0.9845294,0.9747091,0.7638206,0.7593048
246,0.9227115,0.10314533,0.9218702514966329,0.10196391493082047,1.0945385,1.0951287,0.8137858,0.8278986,0.9872641,0.98208743,1.0283129,1.0226417,0.9806816,0.97500783,0.8689528,0.8694437,0.9040798,0.90307426,0.80439854,0.8039344,0.9822175,0.9796299,0.7628835,0.75985605
247,0.92283696,0.10103191,0.9222100774447123,0.10144625355799992,1.0863008,1.0932038,0.82337433,0.82439494,0.9831711,0.9801093,1.0265381,1.0211504,0.9758492,0.9744638,0.86159,0.87009776,0.8984,0.9107526,0.8056097,0.8044384,1.000202,0.9832587,0.76733506,0.760231
248,0.921562,0.103083216,0.9227933208147685,0.10067532807588578,1.0922852,1.0918099,0.81598437,0.82489187,0.9877108,0.9779137,1.0230018,1.0195143,0.9660801,0.9733775,0.86607105,0.86957705,0.9083173,0.91742086,0.79983664,0.80539405,0.9953903,0.98665065,0.7609427,0.7613832
249,0.91939116,0.101731025,0.9232362310091654,0.09998071144024531,1.0911684,1.0910239,0.81646335,0.825741,0.97694063,0.976292,1.0200143,1.0179724,0.9635513,0.9718977,0.86592484,0.8689086,0.9077918,0.9224655,0.80020374,0.80640453,0.992172,0.98908365,0.7596805,0.7625729
250,0.9202609,0.09788564,0.9233202854792277,0.0992793137828509,1.0791035,1.0897772,0.82129425,0.8277747,0.97366655,0.9743374,1.0144696,1.0166545,0.9644974,0.970602,0.8665461,0.86732274,0.932037,0.92721254,0.8012204,0.8062155,0.9884523,0.9894554,0.7613218,0.7638507
251,0.9192522,0.10062983,0.9235042730967203,0.09865694443384807,1.084552,1.0896745,0.7966679,0.83030605,0.97472966,0.9724074,1.0104501,1.015253,0.965379,0.9692617,0.8678357,0.8667698,0.93607664,0.9321347,0.80214155,0.8061627,0.98967487,0.98829126,0.7650147,0.76478183
252,0.9184456,0.098242484,0.923756476243337,0.09793965617815653,1.0706073,1.0885524,0.7972313,0.8339329,0.96719366,0.97175217,1.009123,1.0141246,0.9661522,0.9682502,0.86824876,0.86555666,0.94526905,0.9378455,0.80270135,0.8059439,0.9930735,0.986187,0.76485586,0.7654197
253,0.9214646,0.09671346,0.9240915616353352,0.09744135141372681,1.0760325,1.0884931,0.8125185,0.83721447,0.9581493,0.9725386,1.0126436,1.0128651,0.9659976,0.96684974,0.87660086,0.86456734,0.95648915,0.9422071,0.80685216,0.806352,0.9873295,0.9840651,0.7620337,0.7657632
254,0.9244164,0.09651812,0.9244774619738261,0.09709129979213078,1.0826213,1.0889188,0.8221154,0.84153384,0.96729416,0.9738308,1.0103401,1.0112371,0.9655776,0.9657609,0.8744484,0.8635984,0.96332633,0.9460413,0.81016195,0.8058475,0.9851056,0.9819752,0.76317275,0.76603097
255,0.9281112,0.09418805,0.9248454411824544,0.09670095245043436,1.0848871,1.0901223,0.85358596,0.84578776,0.9645258,0.9739497,1.0045048,1.009503,0.9653269,0.9655067,0.86262417,0.86318123,0.96393275,0.95039135,0.81517744,0.8061089,1.000933,0.9780383,0.7656139,0.7658654
256,0.93101996,0.093836986,0.925153386592865,0.09624494910240174,1.0977153,1.091086,0.8701991,0.85043806,0.9648778,0.97335124,1.00826,1.0077254,0.96374077,0.9656359,0.863703,0.86312675,0.95400757,0.95384425,0.8150451,0.8061083,1.0000776,0.97446895,0.77257395,0.7657492
257,0.92546624,0.09275249,0.925417979558309,0.09575004627307256,1.0895464,1.0914155,0.8710134,0.8548258,0.954736,0.97267807,1.0069724,1.00584,0.9612853,0.96647465,0.8536889,0.8628943,0.96321225,0.95739806,0.8065956,0.80629456,0.97704214,0.9708939,0.7705702,0.76546514
258,0.92731285,0.09345084,0.9256371219952901,0.09559537321329117,1.1018411,1.0930091,0.8785108,0.85829026,0.9547274,0.9729751,1.0037951,1.0037994,0.9654118,0.96722704,0.8595658,0.8629059,0.9660175,0.959134,0.8073268,0.8066242,0.96519756,0.9674539,0.77073514,0.7649525
259,0.9281427,0.09337238,0.9257927854855855,0.09510372728109359,1.0935812,1.09365,0.88425547,0.86321986,0.9747294,0.9730021,1.0084807,1.0027163,0.9668453,0.96815646,0.85557455,0.86235136,0.9714085,0.9596425,0.8044041,0.8075614,0.95140725,0.9633181,0.7707417,0.7643101
260,0.9309791,0.09503852,0.9262017329533895,0.09472903609275818,1.1026152,1.0956652,0.88121724,0.86867434,0.99836284,0.9740045,1.00607,1.0013866,0.96637005,0.9697042,0.85713524,0.86176693,0.9627411,0.95815927,0.8136054,0.8089549,0.95270145,0.959569,0.7689727,0.76413274
261,0.9285,0.09789456,0.9259356379508972,0.09453261842330297,1.1009238,1.0970014,0.8785763,0.8730393,1.0066472,0.9746748,1.0038931,0.99935216,0.96434855,0.9712488,0.8544188,0.8602042,0.96159273,0.9556498,0.79683083,0.80915284,0.9508685,0.9554476,0.7668999,0.7635856
262,0.92835665,0.0951767,0.9253277023633321,0.09431639264027278,1.1043555,1.0978502,0.88718283,0.87660784,0.9849537,0.97461146,1.0005258,0.99712944,0.9720362,0.97298735,0.85533196,0.85830975,0.96365035,0.95198494,0.8095306,0.8093241,0.9411491,0.9513552,0.7648509,0.76311713
263,0.9261812,0.096243165,0.9244566718737285,0.09461858173211415,1.1067389,1.0997908,0.8857395,0.8778978,0.9787347,0.9738978,0.99633735,0.99576664,0.96801895,0.9745149,0.8652539,0.85675627,0.9601111,0.94923997,0.799827,0.809274,0.9418499,0.9456163,0.7592009,0.76181257
264,0.92336005,0.09430748,0.9234281222025553,0.09478808691104253,1.0961119,1.100711,0.88227904,0.87861496,0.9668431,0.9728982,0.99173385,0.99380744,0.9761323,0.9761098,0.86243784,0.85535955,0.9610986,0.9473461,0.8029977,0.8097429,0.9385468,0.9396491,0.75541943,0.7600426
265,0.92354804,0.09556554,0.9228307803471884,0.0949516420563062,1.1030074,1.1020926,0.8732615,0.88000673,0.97812116,0.97330606,0.9838618,0.9920837,0.97578335,0.97783256,0.8667213,0.85513026,0.958076,0.94453406,0.80616516,0.81082267,0.93685126,0.9337631,0.7536315,0.7587365
266,0.92158717,0.09325514,0.922020959854126,0.09506655236085255,1.0941643,1.1019849,0.8706114,0.88223314,0.9751348,0.9744418,0.9942033,0.99027276,0.9793204,0.9794991,0.85951674,0.8535453,0.94370466,0.94144154,0.8161996,0.81185275,0.9276384,0.9275097,0.75537896,0.75742906
267,0.9245798,0.092622116,0.9213018139203389,0.09541378319263458,1.100836,1.103078,0.87904835,0.8835918,0.98222977,0.97545725,0.9891773,0.9882573,0.98936856,0.981105,0.85948235,0.852127,0.9230203,0.93792355,0.8236035,0.81338346,0.93683654,0.9221114,0.76219535,0.75598365
268,0.9174732,0.093767196,0.9202032566070557,0.09557889352242152,1.0960766,1.1026915,0.87799317,0.8841437,0.9682047,0.9755033,0.98212653,0.9861348,0.9891658,0.9826303,0.8531604,0.85016215,0.91884714,0.9356654,0.8098214,0.81402975,0.92550945,0.9161999,0.7538274,0.75487185
269,0.9152974,0.093274735,0.919232948621114,0.09550144722064337,1.0953518,1.102965,0.8756436,0.88397115,0.9663437,0.9743547,0.9769991,0.98422897,0.991656,0.98412716,0.84603137,0.8487554,0.908354,0.9331372,0.8127313,0.81630015,0.92371947,0.91028804,0.75614476,0.75420207
270,0.91504574,0.098720886,0.9183192849159241,0.09553476770718893,1.113997,1.1029564,0.87293524,0.8838708,0.95382106,0.9737263,0.9840631,0.98250157,0.98824054,0.9851828,0.8393223,0.84702265,0.92275757,0.9312996,0.81442636,0.81837034,0.91484916,0.9047597,0.7460456,0.75350296
271,0.9155917,0.09637956,0.9174489259719849,0.09566617657740911,1.1115183,1.1027058,0.88095665,0.8840963,0.94988364,0.97394836,0.9788716,0.9812724,0.9876638,0.9865447,0.8427521,0.84420174,0.9255993,0.9292324,0.82207876,0.82060105,0.9105694,0.899156,0.74602437,0.75273067
272,0.9165061,0.09520581,0.9167407592137654,0.09610624114672343,1.1102701,1.1030546,0.89188987,0.88441634,0.9608536,0.9755347,0.98111695,0.98096716,0.9871272,0.98784614,0.8502492,0.8412505,0.9210322,0.92630124,0.82279176,0.82229316,0.8887517,0.89363927,0.7509789,0.7521047
273,0.91516554,0.09517449,0.915968942642212,0.09636372476816177,1.1002253,1.1022621,0.91190666,0.88531864,0.9717636,0.97682357,0.9766311,0.9813989,0.99040926,0.9889876,0.8357913,0.8384527,0.91962993,0.9227048,0.8227775,0.82312644,0.87139726,0.8890837,0.7511237,0.75153124
274,0.91735554,0.098580845,0.9152185281117757,0.09676934729019801,1.1099781,1.1020896,0.9046354,0.8862722,0.9899616,0.97807306,0.9782484,0.98106366,0.99093455,0.989908,0.8343008,0.8364876,0.9186385,0.91969794,0.8273652,0.82333577,0.87043244,0.8844665,0.7490601,0.7507912
275,0.9145007,0.09751517,0.9142022490501404,0.09727669954299926,1.0968183,1.1015593,0.8894962,0.88672006,0.99905336,0.9785261,0.974233,0.9809955,0.9892493,0.9899785,0.82766145,0.8336908,0.92886937,0.91933835,0.8232999,0.8227608,0.8640299,0.8786112,0.7522962,0.7498421
276,0.9139454,0.09673286,0.9135689655939738,0.09760997494061788,1.1050258,1.1011125,0.8759877,0.8870675,0.9894177,0.979958,0.9753054,0.9812884,0.9868014,0.99013907,0.8333186,0.8316249,0.9236684,0.9183466,0.83088607,0.8225517,0.86218953,0.8736712,0.7568527,0.74993
277,0.9146517,0.095676504,0.9128316760063171,0.09850175579388937,1.1042265,1.1007942,0.88567775,0.8870242,0.97552735,0.98194873,0.9746143,0.98249966,0.98787063,0.98958665,0.8293401,0.8308527,0.93608725,0.91790223,0.8405843,0.82237095,0.85822403,0.8685556,0.7543649,0.746782
278,0.9131258,0.0982143,0.9124305208524068,0.09895120064417522,1.1029794,1.0988548,0.88912237,0.88673186,0.982066,0.98546034,0.97790045,0.9840353,0.9884483,0.98928356,0.82294035,0.8337572,0.9291034,0.9159984,0.83328754,0.82139075,0.8577943,0.8640058,0.747616,0.7447873
279,0.91273755,0.10090845,0.9125665346781413,0.09955704460541408,1.1013448,1.0970302,0.8870788,0.8855263,0.99063843,0.98918796,0.9871552,0.98603725,0.995653,0.9894088,0.818169,0.84188515,0.917131,0.9138045,0.8283793,0.81961024,0.8557965,0.85962266,0.74602985,0.74355245
280,0.9119708,0.0994278,0.913565989335378,0.10094325840473176,1.091119,1.0948805,0.88679624,0.88403916,0.9974545,0.9930234,0.99033785,0.98732734,0.9929053,0.98956436,0.82475424,0.85792625,0.9041292,0.91250104,0.8186638,0.81776696,0.8685174,0.85647947,0.7450303,0.74215156
281,0.91033095,0.09933948,0.9147538344065348,0.1023399367928505,1.0915769,1.0932816,0.88491505,0.8808143,0.9938769,0.9973499,0.9891743,0.98896813,0.9931261,0.98936045,0.83004063,0.87445927,0.89860195,0.9115749,0.8193397,0.8161889,0.85838044,0.85507256,0.74427783,0.7404683
282,0.9093356,0.1002324,0.9157649318377177,0.10318014820416768,1.0928818,1.0910467,0.8857661,0.8777946,0.9890259,1.0006028,0.988155,0.98965627,0.9904262,0.98903275,0.81753016,0.88974947,0.91762596,0.9108396,0.8149798,0.81473786,0.8490068,0.85529554,0.74795926,0.7388938
283,0.90797395,0.09876633,0.9167215704917908,0.10383794059356054,1.0893743,1.0902176,0.8832048,0.87559235,0.98968226,1.0028157,0.98651993,0.9901228,0.99157476,0.9885861,0.82217216,0.90344626,0.9039711,0.9093262,0.8066845,0.81430715,0.85140973,0.8558787,0.75514585,0.7369229
284,0.90423805,0.10665145,0.9175317128499348,0.10433600644270578,1.0905781,1.0886377,0.8749946,0.87489855,0.9962049,1.0051928,0.9951682,0.990008,0.98336935,0.98840415,0.83444786,0.9160897,0.9016882,0.90736216,0.81001943,0.8138397,0.8469856,0.8561853,0.7089245,0.7346994
285,0.9090284,0.10546256,0.9184567133585612,0.1047543689608574,1.0849055,1.0863562,0.8685495,0.8736441,1.0064957,1.0082562,1.0070983,0.9897457,0.98369443,0.98827195,0.8828901,0.929826,0.89420027,0.9049624,0.7997235,0.8144383,0.8466018,0.8567656,0.7161246,0.73230076
286,0.9176319,0.10546722,0.9195171395937601,0.10490190883477529,1.0841482,1.0841179,0.8628738,0.8718389,1.0057973,1.010563,1.0089002,0.9890311,0.9895421,0.98829234,0.9646714,0.94394433,0.89269054,0.9039449,0.795371,0.8151986,0.8448225,0.8574704,0.7275019,0.7307702
287,0.93149793,0.11599902,0.9204834779103597,0.10492872893810272,1.0780245,1.0822741,0.8695824,0.86951685,1.0183853,1.0121777,1.0004686,0.98744226,0.98946065,0.9880512,1.0908659,0.957783,0.9014801,0.9042294,0.79514337,0.8163145,0.8416035,0.85776126,0.72996545,0.72928476
288,0.9329832,0.11612467,0.9213173707326253,0.10478766113519669,1.0762438,1.0807961,0.86353385,0.86731243,1.0366613,1.0121785,1.001243,0.98542404,0.98735064,0.98803693,1.0837865,0.9708774,0.9057385,0.9047415,0.79910606,0.81879914,0.85029405,0.85683954,0.7258752,0.7281682
289,0.932522,0.111184016,0.9221905986467998,0.10454266021649043,1.0764526,1.079441,0.8593398,0.8649256,1.0387558,1.0126237,0.9885702,0.98336315,0.98601866,0.9873819,1.063654,0.98278385,0.9076095,0.90610206,0.80559987,0.8213231,0.87377733,0.8567189,0.7254425,0.72724295
290,0.9288503,0.10738206,0.9231728076934814,0.1042331725358963,1.0843834,1.078432,0.85646254,0.86290544,1.0322462,1.0135814,0.98123103,0.9810165,0.9825506,0.9875763,1.0331129,0.9946547,0.9061677,0.90647566,0.81683946,0.8243004,0.8727769,0.8563304,0.7227326,0.7264554
291,0.9260975,0.10420385,0.9242685159047445,0.10404976755380631,1.0813261,1.0781778,0.8655803,0.86083865,1.0250727,1.0147502,0.97358346,0.978725,0.9840715,0.9873735,1.0229703,1.0058577,0.8942082,0.9075292,0.8238734,0.82815224,0.86678904,0.856097,0.72350025,0.7251841
292,0.9285267,0.10195194,0.9252281864484151,0.10306774725516638,1.0700046,1.077545,0.8668613,0.8591864,1.0214801,1.015141,0.970679,0.9755038,0.9858879,0.9882482,1.0353847,1.0134891,0.9000912,0.9079018,0.8495639,0.831597,0.8669289,0.85607946,0.7183856,0.7275901
293,0.9290322,0.1004274,0.9258304317792256,0.10207364410161972,1.069405,1.0772641,0.8620445,0.8583897,1.0166677,1.0142633,0.9671817,0.97153807,0.98875344,0.98837924,1.0347158,1.0188115,0.91383994,0.90883785,0.8446924,0.83521795,0.86836535,0.8558961,0.7246569,0.72970676
294,0.9272326,0.10131075,0.9264160394668579,0.10183124563523702,1.0736874,1.0767723,0.85224813,0.85806936,1.0148586,1.014868,0.9633229,0.9688693,0.99203587,0.98829615,1.0257487,1.0226786,0.92139846,0.9099912,0.84511733,0.8380642,0.86015993,0.85668707,0.723749,0.7298643
295,0.9244792,0.09731178,0.9260251246965848,0.10074141678901818,1.0689503,1.076676,0.85372996,0.85718375,0.99746686,1.0145975,0.9600651,0.96643865,0.992692,0.98820657,1.0211699,1.0174334,0.91181153,0.9106459,0.855933,0.84136575,0.8546915,0.85784733,0.7282817,0.7298565
296,0.92342937,0.095664464,0.9254452834526697,0.09945947925249736,1.0712489,1.076712,0.8491127,0.8566546,1.0005543,1.0127589,0.95826095,0.9635383,0.9833004,0.9882779,1.0086373,1.011904,0.9190101,0.91105485,0.85719967,0.84488744,0.8565701,0.85847676,0.7303987,0.73018825
297,0.92406875,0.095590085,0.9248019456863403,0.09839361228726128,1.0777465,1.0767356,0.85546315,0.85641044,1.0033927,1.0103955,0.95295495,0.96126264,0.9933426,0.9884833,0.99559295,1.0071995,0.9232298,0.9113681,0.8596395,0.848459,0.8431792,0.8570858,0.73614633,0.7306197
298,0.92440957,0.09601525,0.9243971109390259,0.09749476760625839,1.0855623,1.0759708,0.85220337,0.85640526,1.0072136,1.0082104,0.95214754,0.9592658,0.9885316,0.98907655,0.99021703,1.0046082,0.9197739,0.9118881,0.8644614,0.851621,0.8479092,0.85551673,0.7360758,0.7314084
299,0.9186331,0.09192114,0.9242081774605645,0.09674931400352055,1.0810863,1.0753758,0.8502107,0.8553858,1.0020665,1.0063368,0.9468501,0.9576749,0.9964913,0.98963267,0.9489194,1.0025679,0.90727806,0.9138526,0.8616908,0.854704,0.8467224,0.85426426,0.7450148,0.7322871
300,0.9180621,0.09055101,0.9236683622002602,0.09609898552298546,1.0806904,1.0760472,0.85659826,0.85395133,0.99333096,1.0044439,0.9476123,0.95604944,0.985659,0.99010074,0.9627252,0.9984658,0.9082401,0.91557276,0.85403824,0.85534656,0.84385145,0.85268116,0.74787515,0.73402476
