cid,formula,smile,fingerprint,topological,weight,heavy_atom,type,label
2734648,C11H16BNO2,B1(OC(C(O1)(C)C)(C)C)C2=CC=NC=C2,00000371E27230000000000000000000000000000001200000002C0000000000000000018000281E00000000000C44C192043E8092081000A0003067440082802031022008D820386498092062C09191842008608000C8C8061000000880000000000000000000000000000000000000000000,31.4,205.1274089,15.0,['Other'],0
21870694,C6H4BF3O3,B(O)(O)OC1=CC(=C(C(=C1)F)F)F,0000037182603180000000000000000000000000000000000000300000000000000000010000081B0000080000080480900830068000000080002042000002000020200000880006088808262280111280300024C0110888078040000000000000000000000000000000000000000000000000,49.7,192.0205586,13.0,['Other'],0
153950669,C6H5BI2O2,B(C1=CC(=C(C=C1)I)I)(O)O,00000371826030000003000000000000000000000000000000003000000000000000000100002818002008000008008210003000800000008000204200000200002000000888000000880820228011108020002080000888070000000000000000000000000000000000000000000000000000,40.5,373.8472,11.0,['LIB'],1
78759343,C7H12BNO2,B(C1=CC(=CC=C1)N)(O)O.C,00000371C2623000000000000000000000000000000000000000300000000000000000010000281C0010080000080881100032C08040000080002442400082000020020008880000648808202280919180200060900008C8071000000000000000000000000000000000000000000000000000,66.5,153.0961088,11.0,['Other'],0
67305726,C8H8BFO3,B(O)(O)O/C=C/C1=CC=C(C=C1)F,00000371C2703100000000000000000000000000000000000000300000000000000000010000081B00000800000C00A0980A3000800000008002204200000200002020000888000000880820228011108020002080000888070080000E00000000000000000000000000000000000000000000,49.7,182.0550524,13.0,['LIB'],0
83329,BO4P,B12OP(=O)(O1)O2,00000371020038020000000000000000000000004890000000000000000000000000000000000800000000200000000000000000000000100040000000800000000000000000000000000000000000000000000000000000000000000000000000000000000000000000000000000000000000,44.8,105.9627256,6.0,['Other'],0
11254165,C17H21BO2,B1(OC(C(O1)(C)C)(C)C)CC2=CC=CC3=CC=CC=C32,00000371E2783000000000000000000000000000000120000000306000000000000000C15000281A00000000000C448098003200C00000008002204200000200002000000888000000880920228011108020002080000888070080C00E80000200001000000000040000200000000000000000,18.5,268.1634601,20.0,['LMB'],1
2734353,C8H11BO2S,B(C1=CC=C(C=C1)SCC)(O)O,00000371C2703000400000000000000000000000000000000000300000000000000000010000281804000800000800845000B20180000008800020420000020000200810088818000088082022A011108020002080002888070000000000000000000000000000000000000000000000000000,65.8,182.0572809,12.0,['LIB'],1
2777204,C7H6BF3O3,B(C1=CC=CC=C1OC(F)(F)F)(O)O,0000037182603180000000000000000000000000000000000000300000000000000000010000281B000008000008048090103006800004008000204200000208002020000888000608880C262284311A80302024C01108A8078040000000000000000000000000000000000000000000000000,49.7,206.0362087,14.0,"['LIB', 'LMB']",1
10633712,C12H16BClO2,B1(OC(C(O1)(C)C)(C)C)C2=CC=C(C=C2)Cl,00000371E2703000040000000000000000000000000120000000300000000000000000010000281A02000000000C468090203200800000008000204200000200002005000888000002880920228113108020002080000888070000000880000000000000000000000000000000000000000000,18.5,238.0931876,16.0,['LMB'],1
2773537,C7H10BNO4S,B(C1=CC=C(C=C1)NS(=O)(=O)C)(O)O,00000371C2623800400000000000000000000000000000000000300000000000000000010000281C04104800000808811000B2C08040000280002442407082000020020008880000648808202280919180200060900008C8071000000000000000000000000000000000000000000000000000,95.0,215.0423591,14.0,['LIB'],1
2773216,C6H8BNO2,B(C1=CC=CC=C1N)(O)O,00000371C2623000000000000000000000000000000000000000300000000000000000010000281C0010080000080881100030C08040000080002442400082000020020008880000648808202280919180200060900008C8071000000000000000000000000000000000000000000000000000,66.5,137.0648087,10.0,['LIB'],0
5355539,C3H7BO2,B(/C=C\C)(O)O,00000371824030000000000000000000000000000000000000000000000000000000000000002818000008000008008000000200000000008000204200000000000000000800000000000000000001000000000000000000000000000000000000000000000000000000000000000000000000,40.5,86.0539096,6.0,['Other'],0
2734336,C6H5BF2O2,B(C1=C(C=CC=C1F)F)(O)O,00000371826031800000000000000000000000000000000000003000000000000000000100002819000008000008008010083000800000008000204200000200002000000888000000880820228011108020002080000888070000000000000000000000000000000000000000000000000000,40.5,158.0350659,11.0,"['MIB', 'Other', 'LIB']",0
87250990,C12H27BO3Si3,B(O[Si](C)(C)C=C)(O[Si](C)(C)C=C)O[Si](C)(C)C=C,00000371E270300C0000000000000000000000000000000000000000000000000000000000000818100000400000008020004200000000018000000200000000000000000800000000000000000000000000000000000000000000000000000000000000000000000000000000000000000000,27.7,314.1361045,19.0,"['LIB', 'Other']",1
22237829,C6H5BF2O3,B(O)(O)OC1=C(C=C(C=C1)F)F,0000037182603180000000000000000000000000000000000000300000000000000000010000081B0000080000080480900830068000000080002042000002000020200008880006088808262280111280300024C0110888078040000000000000000000000000000000000000000000000000,49.7,174.0299805,12.0,['Other'],0
44755178,C12H17BClNO2,B1(OC(C(O1)(C)C)(C)C)C2=CC(=C(N=C2)Cl)C,00000371E27230000400000000000000000000000001200000002C0000000000000000018000281E02000000000C46C19A243E8092081000A0023067440082802031042000D8202846980920E2C19391842008608000C8C8061000000C80000000000000000000000000000000000000000000,31.4,253.1040866,17.0,['LIB'],1
22283517,C9H13BO3,B(O)(O)OC1=CC=CC(=C1)C(C)C,00000371C2703000000000000000000000000000000000000000300000000000000000010000081A00000800000D0480980032068000000080022042000002000020200008880006088808262280111280300024C01108880780C0F00E80000100000000000000020000000000000000000000,49.7,180.0957744,13.0,['LIB'],1
123279,CB4,B12B3C14B2B43,00000371038000000000000000000000000012244890000000000000000000000000000000006000000000000000000000000000000000000000000000000000000000000000000000000000000000000000000000000000000000000000000000000000000000000000000000000000000000,0.0,56.0372207,5.0,"['MIB', 'LMB', 'LIB', 'Other', 'SIB']",1
10955110,C7H14BBrO2,B1(OC(C(O1)(C)C)(C)C)CBr,00000371C2603000001000000000000000000000000120000000000000000000000000000000281A00400000004C448080000200000000000000000000000000000000000000000000000100000000000000000000000000000000000880000000000000000000000000000000000000000000,18.5,220.02702,11.0,['LMB'],1
140062100,C9H8BF3O3,B(O)(O)O/C=C/C1=CC=C(C=C1)C(F)(F)F,00000371C2703180000000000000000000000000000000000000300000000000000000010000081B00000800000C00A098123000800000008002204200000200002020000888000000880820228011108020002080000888070080000E40000000000000008000000000000000000000000000,49.7,232.0518588,16.0,['LIB'],0
2773334,C7H8BClO2,B(C1=C(C=C(C=C1)C)Cl)(O)O,00000371C2603000040000000000000000000000000000000000300000000000000000010000281802000800000C028018203200800000008002204200000200002005000888000002880820228113108020002080000888070080000E00000020000000000000004000000000000000000000,40.5,170.0305874,11.0,['LIB'],0
2734315,C12H11BO2,B(C1=CC(=CC=C1)C2=CC=CC=C2)(O)O,00000371C2703000000000000000000000000000000000000000306000000000000000014000281800000800000C008018003000800000008002204200000200002000000888000000880820228011108020002080000888070080C00E80000000000000000000000000000000000000000000,40.5,198.0852098,15.0,['MIB'],0
3864964,C13H19BO2,B1(OC(C(O1)(C)C)(C)C)CC2=CC=CC=C2,00000371E2703000000000000000000000000000000120000000300000000000000000010000281A00000000000C448098003200800000008002204200000200002000000888000000880920228011108020002080000888070080000E80000000000000000000000000000000000000000000,18.5,218.14781,16.0,"['LIB', 'LMB']",1
2734388,C7H6BF3O2,B(C1=CC(=CC=C1)C(F)(F)F)(O)O,0000037182603180000000000000000000000000000000000000300000000000000000010000281900000800000C008018103000800000008002204200000200002000000888000000880820228011108020002080000888070080000E00000000000000000000000000000000000000000000,40.5,190.0412941,13.0,['Other'],0
2773315,C7H6BNO6,B(C1=CC(=CC(=C1)[N+](=O)[O-])C(=O)O)(O)O,0000037182623800000000000000000000000000000000000000300000000000000000010000281E00040800000C0881980030C880104200890224D24B00820000240200208801006CCA08263280959180710064C00108D987BCC8208E00000040000000000000008000000000000000000000,124.0,211.0288171,15.0,['LIB'],0
46856373,C9H18BNO4,B([C@@H]1CCCN1C(=O)OC(C)(C)C)(O)O,00000371E2723800000000000000000000000000000160000000000000000000000000000000281E00000800000C44C180040208030004000800000018000000000000000000000800000000000080000C00000006008000000000000000000000000000000000000000000000000000000000,70.0,215.1328882,15.0,['LIB'],1
78020,C9H27BO3Si3,B(O[Si](C)(C)C)(O[Si](C)(C)C)O[Si](C)(C)C,00000371E270300C0000000000000000000000000000000000000000000000000000000000000810100000400000000000004200000000010000000000000000000000000000000000000000000000000000000000000000000000000000000000000000000000000000000000000000000000,27.7,278.1361045,16.0,"['MIB', 'LMB', 'LIB', 'ZIB', 'SIB', 'Other']",1
6918572,C9H19BN2O3,B([C@@H]1CCCN1C(=O)[C@H](C(C)C)N)(O)O,00000371E2733000000000000000000000000000000160000000000000000000000000000000281E00100800000D28C180040200034000000800011010000000000000000000818800000040100080001400000016008000000000000800000000000000000000000000000000000000000000,86.8,214.1488726,15.0,"['Other', 'LIB']",1
2734351,C8H11BO3,B(C1=CC=C(C=C1)OCC)(O)O,00000371C2703000000000000000000000000000000000000000300000000000000000010000281A00000800000804A090023206800004008000204200000208002020000888000608880C262284311A823820A4C01108A8078040000000000000000000000000000000000000000000000000,49.7,166.0801244,12.0,['Other'],0
591073,C7H7BO3,B(C1=CC=C(C=C1)C=O)(O)O,0000037182603000000000000000000000000000000000000000300000000000000000010000281A00000800000C00A098023000800000008802285280000200002400000888010000C80820328015108021002080000889870888008E00000000000000000000000000000000000000000000,57.5,150.0488242,11.0,['LIB'],1
61766,B2O4Pb,B(=O)[O-].B(=O)[O-].[Pb+2],00000371030038000000000000000000400000000000000000000000000000000000000000000800000000000000000000000000000000000000000000000000000000000000000000000000000000000000000000000000000000000000000000000000000000000000000000000000000000,80.3,293.97492,7.0,['Other'],0
2734395,C4H11BO2,B(CC(C)C)(O)O,00000371C2603000000000000000000000000000000000000000000000000000000000000000281800000800000D008000000200000000000000000000000000000000000000000000000000000000000000000000000000000000000000000000000000000000000000000000000000000000,40.5,102.0852098,7.0,"['Other', 'LIB', 'LMB']",1
570673,C12H17BO2,B1(OC(C(O1)(C)C)(C)C)C2=CC=CC=C2,00000371E2703000000000000000000000000000000120000000300000000000000000010000281A00000000000C448090003200800000008000204200000200002000000888000000880920228011108020002080000888070000000880000000000000000000000000000000000000000000,18.5,204.1321599,15.0,"['Other', 'LMB', 'LIB']",1
2734374,C5H7BO2S,B(C1=CC=C(S1)C)(O)O,0000037182603000400000000000000000000000000120000000000000000000000000018000281804000800000800805000320180000008840020420000030080200810488818000088082022A011108000002080002888060000000000000000000000000000000000000000000000000000,68.7,142.0259808,9.0,['LIB'],1
17750237,C7H5BClF3O2,B(C1=CC(=CC(=C1)Cl)C(F)(F)F)(O)O,0000037182603180040000000000000000000000000000000000300000000000000000010000281902000800000C028018303000800000008002204200000200002005000088000002880820228113108020002080000888070080000E00000020000000000000004000000000000000000000,40.5,224.0023217,14.0,['LIB'],0
67095174,C6H6BNO5,B(O)(O)OC1=CC=CC=C1[N+](=O)[O-],0000037182623800000000000000000000000000000000000000300000000000000000010000081E0004080000080C81900030C680104000810024424300820000202200288800076C8A0A262280919380300064C05108C8079040000000000000000010000000000000002000000000000000,95.5,183.0339025,13.0,['Other'],0
141756586,C12H9BO3S,B(C1=CC2=C(C=C1)OC3=CC=CC=C3S2)(O)O,00000371C2703000400000000000000000000000000000000000346080000000000000914000281A0400080000080480D00030078000040880002042000002080020281008881A0608880C2622A4311A823820A4C01128A8078040000000000000000020000000000000004000000000000000,75.0,244.0365455,17.0,['LIB'],1
2776423,C8H7BO2S2,B(C1=CC=C(S1)C2=CC=CS2)(O)O,000003718270300060000000000000000000000000012240000000000000000000000001E000281804000800000800845000B00180000008840020420000030080200810488818000088082022A011108020002080002888070080800000000000000000000000000000000000000000000000,96.9,209.998052,13.0,['LIB'],1
139377,CH5BO2,B(C)(O)O,00000371820030000000000000000000000000000000000000000000000000000000000000002810000008000000000000000200000000000000000000000000000000000000000000000000000000000000000000000000000000000000000000000000000000000000000000000000000000,40.5,60.0382596,4.0,"['Other', 'MIB', 'LIB']",1
12711,C9H21BO3,B(OCCC)(OCCC)OCCC,00000371E2703000000000000000000000000000000000000000000000000000000000000000081A00000000000800A080020200000000000000000000000000000000000000000000000000000000000000000000000000000000000000000000000000000000000000000000000000000000,27.7,188.1583747,13.0,"['Other', 'SIB', 'LMB', 'LIB']",1
10887183,C3BF9O9S3,B(OS(=O)(=O)C(F)(F)F)(OS(=O)(=O)C(F)(F)F)OS(=O)(=O)C(F)(F)F,0000037102403DC06000000000000000000000000000000000000000000000000000000000000801040000000000000000100000000000020000000000700000000000000000000000000000000000000000000000000000000000000000000000000000000000000000000000000000000000,155.0,457.8653787,25.0,['LIB'],1
92269,C6H8BNO2,B(C1=CC(=CC=C1)N)(O)O,00000371C2623000000000000000000000000000000000000000300000000000000000010000281C0010080000080881100030C08040000080002442400082000020020008880000648808202280919180200060900008C8071000000000000000000000000000000000000000000000000000,66.5,137.0648087,10.0,['LIB'],0
123325,BKO2,B(=O)[O-].[K+],00000371020030000040000000000000000000000000000000000000000000000000000000000800000000000000000000000000000000000000000000000000000000000000000000000000000000000000000000000000000000000000000000000000000000000000000000000000000000,40.1,81.9628409,4.0,"['ZIB', 'LIB']",1
4683197,C7H6BNO3,B(C1=CC2=C(C=C1)N=CO2)(O)O,000003718262300000000000000000000000000000016000000030000000000000005801F000281E0000080000080C81960634C6B2081440A801A473D4048288203F622008D821BF6CD80E26B2C4B5BB8D312864C41158E9879848000000000000000010000000000000002000000000000000,66.5,163.0440732,12.0,['LIB'],1
2734318,C6H6BBrO2,B(C1=CC(=CC=C1)Br)(O)O,000003718260300000100000000000000000000000000000000030000000000000000001000028180040080001A8008010003000800000008000204200000200002000040888000000A8082022801110802000208000088A170000000000000000000000000000000000000000000000000000,40.5,199.96442,10.0,['Other'],0
2734364,C7H9BO4S,B(C1=CC=C(C=C1)S(=O)(=O)C)(O)O,00000371C2603800400000000000000000000000000000000000300000000000000000010000281804000800000800805000B2018000000A800020420070420000200810088818000088082022A011108020002080000888070000000000000000000000000000000000000000000000000000,83.0,200.0314601,13.0,['LIB'],1
2734662,C7H9BO3,B(C1=CC(=CC=C1)CO)(O)O,00000371C2603000000000000000000000000000000000000000300000000000000000010000281A00000800000C00A0980230008000020080022042000002000020000008880000088808362280111080700024C00108980780C0200E00000000000000000000000000000000000000000000,60.7,152.0644743,11.0,['LIB'],0
3592790,C14H17BO2S2,B1(OC(C(O1)(C)C)(C)C)C2=CC=C(S2)C3=CC=CS3,00000371E270300060000000000000000000000000012244800000000000000000000001E000281A04000000000C4484D000B20180000008840020420000030080200810488818000088092022A011108020002080002888070080800880000000000000000000000000000000000000000000,74.9,292.0763023,19.0,['LIB'],1
156265,C8H5BF6O2,B(C1=CC(=CC(=C1)C(F)(F)F)C(F)(F)F)(O)O,00000371827031C0000000000000000000000000000000000000300000000000000000010000281900000800000C008018103000800000008002204200000200002000000088000000880820228011108020002080000888070080400E00000200000000000000040000000000000000000000,40.5,258.0286785,17.0,['LIB'],1
5195177,C8H19BO2,B(CCCCCCCC)(O)O,00000371E27030000000000000000000000000000000000000000000000000000000000000002818000008000008008000000200000000000000000000000000000000000000000000000000020000000000000000000000010080800000000000000000000000000000000000000000000000,40.5,158.14781,11.0,"['LIB', 'LMB']",1
2783397,C5H5BFNO2,B(C1=CN=C(C=C1)F)(O)O,00000371826231000000000000000000000000000000000000002C0000000000000000018000281D00000800000800C1120C3C8092081000A0003067440082802031022008D8203864980820E2C09191842008608000C8C8061000000000000000000000000000000000000000000000000000,53.4,141.0397367,10.0,['LIB'],1
2734608,C12H12B2O4,B(C1=CC=C(C=C1)C2=CC=C(C=C2)B(O)O)(O)O,00000371C3703800000000000000000000000000000000000000306000000000000000014000281800000800000C008018003000800000008002204200000200002000000888000000880820228011108020002080000888070080C00E80000000000000000000000000000000000000000000,80.9,242.0921692,18.0,"['Other', 'LIB']",1
2773253,C13H13BO3,B(C1=CC=CC=C1OCC2=CC=CC=C2)(O)O,00000371C2703000000000000000000000000000000000000000306000000000000000014000281A00000800000C04A098023006800004008002204200000208002020000888000608880C262284311A823820A4C01108A80780C0200E00000000000000000000000000000000000000000000,49.7,228.0957744,17.0,['LIB'],0
10682603,C14H15BO4,B(C1=CC(=C(C=C1)OCC2=CC=CC=C2)OC)(O)O,00000371C2703800000000000000000000000000000000000000306000000000000000014000281A00000800000C04A098023206800004008002204200000208002020000888000688880D262284311A823822A4C0110AA80780C0200E00000000000040000000000000008000000000000000,58.9,258.1063391,19.0,"['Other', 'LIB']",0
142762599,C9H11BO3,B(O)(O)O/C=C/CC1=CC=CC=C1,00000371C2703000000000000000000000000000000000000000300000000000000000010000081A00000800000C00A098023000800000008002204200000200002020000888000000880820228011108020002080000888070080800E00000000000000000000000000000000000000000000,49.7,178.0801244,13.0,['LIB'],0
201262,C7H9BO3,B(C1=CC=C(C=C1)OC)(O)O,00000371C2603000000000000000000000000000000000000000300000000000000000010000281A000008000008048090023206800004008000204200000208002020000888000608880C262284311A80302024C01108A8078040000000000000000000000000000000000000000000000000,49.7,152.0644743,11.0,"['Other', 'MIB', 'LMB', 'LIB']",1
10219853,B4Na2O7,B1(OB2OB(OB(O1)O2)[O-])[O-].[Na+].[Na+],00000371038038300000000000000000000000000000000000002448000000001200000000000800000000000000000000000000000000000000000000000000000000000000000000000000000000000000000000000000000000000000000000000000000000000000000000000000000000,92.3,201.9811616,13.0,"['MIB', 'ZIB', 'LIB', 'SIB', 'Other', 'LMB']",1
9798005,C14H15BF6O2,B1(OC(C(O1)(C)C)(C)C)C2=CC(=CC(=C2)C(F)(F)F)C(F)(F)F,00000371C27031C0000000000000000000000000000120000000300000000000000000010000281B00000000000C448098103200800000008002204200000200002000000088000000880920228011108020002080000888070080400E80000200000000000000040000000000000000000000,18.5,340.1069289,23.0,['LMB'],1
140138885,C6H4BF3O3,B(O)(O)OC1=CC(=C(C=C1F)F)F,0000037182603180000000000000000000000000000000000000300000000000000000010000081B0000080000080480900830068000000080002042000002000020200000880006088808262280101280300024C0110888078040000000000000000000000000000000000000000000000000,49.7,192.0205586,13.0,['Other'],0
21708183,C6H7BO4,B(O)(O)OC1=CC=CC(=C1)O,0000037182603800000000000000000000000000000000000000300000000000000000010000081A0000080000080480900030068000020080002042000002000020200008880006088808272282111280700025C0150898078060040000000008000000000000001000000000000000000000,69.9,154.0437389,11.0,['LIB'],1
94214,C7H14O6,CO[C@H]1[C@@H]([C@H]([C@H]([C@H](O1)CO)O)O)O,00000371C0603800000000000000000000000000000000000000240000000000000000000000001A00000800000814B08003020800000600000000000000000000000000000000000000111002000000224000050000070001C0600C0000000000000000000000000000000000000000000000,99.4,194.07903816,13.0,['Other'],0
5003684,C8H9BO2,B(C(=C)C1=CC=CC=C1)(O)O,00000371C2703000000000000000000000000000000000000000300000000000000000010000281800000800000C008018003000800000008002204200000200002000000888000000880820228011108020002080000888070080000E00000000000000000000000000000000000000000000,40.5,148.0695597,11.0,['LIB'],1
2734357,C4H5BO3,B(C1=CC=CO1)(O)O,0000037182603000000000000000000000000000000120000000000000000000000000018000281A00000800000800A090023004800004408800285280000208002420000888010608C80C261004250A0219208440110021800000000000000000000000000000000000000000000000000000,53.6,112.0331742,8.0,['LIB'],1
71529779,B4H8N2O7,B1(OB2OB(OB(O1)O2)[O-])[O-].[NH4+].[NH4+],00000371C38338000000000000000000000000000000000000002448000000001200000000000800001000000000000000000000000000000000000000000000000000000000000000000000000000000000000000000000000000000000000000000000000000000000000000000000000000,94.3,192.0703713,13.0,"['LIB', 'Other']",1
4191551,C6H4BCl3O2,B(C1=CC(=C(C=C1Cl)Cl)Cl)(O)O,0000037182603000060000000000000000000000000000000000300000000000000000010000281802000800000802801020300080000000800020420000020000200500008A400002880820228112108020002080000888070000000000001000008000040000200001000008000000000000,40.5,223.936993,12.0,"['LIB', 'SIB', 'LMB', 'Other']",1
21878961,C8H9BO4,B(C1=CC=C(C=C1)CC(=O)O)(O)O,00000371C2703800000000000000000000000000000000000000300000000000000000010000281A00000800000C00809800300880000200880220D2080002000020000008880100008808203280151080600024C00108880788C8A08E00000000000000000000000000000000000000000000,77.8,180.0593889,13.0,['LIB'],0
16218347,C11H17BO2S,B1(OC(C(O1)(C)C)(C)C)C2=CSC=C2C,00000371E2703000400000000000000000000000000122400000000000000000000000018000281A04000000000C4484D800A201800000088402004200000300802008100088100000880920002001000000000000002000000000000880000000000000000000000000000000000000000000,46.7,224.1042311,15.0,['LIB'],1
2734625,C13H16BNO2,B1(OC(C(O1)(C)C)(C)C)C2=CC=C(C=C2)C#N,00000371E2723000000000000000000000000000000120000000300000000000000000010000281E00000000000C4481980032008000000090062042000022000020000008880000008809A02280111080200020800008880F0080000E80000000000000000000000000000000000000000000,42.3,229.1274089,17.0,['LMB'],1
11041016,C9H11BO2,B(/C=C/CC1=CC=CC=C1)(O)O,00000371C2703000000000000000000000000000000000000000300000000000000000010000281800000800000C008018003000800000008002204200000200002000000888000000880820228011108020002080000888070080800E00000000000000000000000000000000000000000000,40.5,162.0852098,12.0,['LIB'],0
6153620,C9H8BF3O2,B(/C=C/C1=CC=C(C=C1)C(F)(F)F)(O)O,00000371C2703180000000000000000000000000000000000000300000000000000000010000281900000800000C008018103000800000008002204200000200002000000888000000880820228011108020002080000888070080000E40000000000000008000000000000000000000000000,40.5,216.0569441,15.0,['LIB'],0
157732883,C9H15BO4,B(C1=CC=C(C=C1)OC)(O)O.CCO,00000371C2703800000000000000000000000000000000000000300000000000000000010000281A00000800000804A090023206800006008000204200000208002020000888000608880C362284311A80302024C01108A8078040000000000000000000000000000000000000000000000000,69.9,198.1063391,14.0,['Other'],0
4431894,C6H7BO2S,B(C1=CC=C(C=C1)S)(O)O,00000371826030004000000000000000000000000000000000003000000000000000000100002818040008000008008050003001800000048000204200000200002000000888180000880820228011108020002080000888070000000000000000000000000000000000000000000000000000,41.5,154.0259808,10.0,['LIB'],1
2734620,C12H18BNO2,B1(OC(C(O1)(C)C)(C)C)C2=CC=C(C=C2)N,00000371E2723000000000000000000000000000000120000000300000000000000000010000281E00100000000C4C81900032C08040000080002442400082000020020008880000648809202280919180200060900008C8071000000880000000000000000000000000000000000000000000,44.5,219.143059,16.0,"['Other', 'LIB']",1
16218219,C14H17BF2O2,B1(OC(C(O1)(C)C)(C)C)/C=C/C2=CC(=CC(=C2)F)F,00000371E2703180000000000000000000000000000120000000300000000000000000010000281B00000000000C448098083200800000008002204200000200002000000888000000880920228011108020002080000888070080000E80000000000000000000000000000000000000000000,18.5,266.1289663,19.0,['LIB'],0
162132057,C28H30BBrO8S2,B(C1=CC=C(C=C1)OC)(O)O.COC1=CC=C(C=C1)C2=CC=C(C=C2)S(=O)(=O)C.CS(=O)(=O)C1=CC=C(C=C1)Br,00000371E2783C006010000000000000000000000000000000003060C1800000000000015400281A0440080001AC0480D802B2078000040A8002204200704208002028140888180608A80C2622A4311A80302024C01108AA1780C0F00EB0010000000000006002000000000000000000000000,144.0,648.06585,40.0,['LIB'],0
2734378,C5H6BNO2,B(C1=CN=CC=C1)(O)O,00000371826230000000000000000000000000000000000000002C0000000000000000018000281C00000800000800C112043C8092081000A0003067440082802031022008D8203864980820E2C09191842008608000C8C8061000000000000000000000000000000000000000000000000000,53.4,123.0491586,9.0,"['ZIB', 'LIB', 'LMB']",1
2734343,C8H11BO4,B(C1=C(C=CC=C1OC)OC)(O)O,00000371C2703800000000000000000000000000000000000000300000000000000000010000281A000008000008048090023206800004008000204200000208002020000888000608880C272284311A80302025C01508A80780600C0000000008000000000000001000000000000000000000,58.9,182.075039,13.0,['MIB'],0
2734652,C12H18BNO2,B1(OC(C(O1)(C)C)(C)C)C2=CC=CC=C2N,00000371E2723000000000000000000000000000000120000000300000000000000000010000281E00100000000C4C81900032C08040000080002442400082000020020008880000648809202280919180200060900008C8071000000880000000000000000000000000000000000000000000,44.5,219.143059,16.0,['LMB'],1
2776315,C10H9BO2S,B(C1=CC=C(S1)C2=CC=CC=C2)(O)O,00000371C270300040000000000000000000000000012000000030000000000000000001C000281804000800000C00805800300180000008840220420000030080200810488818000088082022A011108020002080002888070080800E00000000000000000000000000000000000000000000,68.7,204.0416309,14.0,['LIB'],1
17750476,C12H18BNO2,B1(OC(C(O1)(C)C)(C)C)C2=NC=CC(=C2)C,00000371E27230000000000000000000000000000001200000002C0000000000000000018000281E00000000000C44C19A043E8092081000A0023067440082802031022008D820386498092062C09191842008608000C8C8061000000A80000000000000000000000000000000000000000000,31.4,219.143059,16.0,['Other'],0
66839969,C12H12B2O4,B(C1=C(C(=CC=C1)C2=CC=CC=C2)B(O)O)(O)O,00000371C3703800000000000000000000000000000000000000306000000000000000014000281800000800000C008018003000800000008002204200000200002000000888000000880820228011108020002080000888070080C00E80000000000000000000000000000000000000000000,80.9,242.0921692,18.0,['SIB'],0
2734656,C11H16BNO2,B1(OC(C(O1)(C)C)(C)C)C2=CN=CC=C2,00000371E27230000000000000000000000000000001200000002C0000000000000000018000281E00000000000C44C192043E8092081000A0003067440082802031022008D8203864980920E2C09191842008608000C8C8061000000880000000000000000000000000000000000000000000,31.4,205.1274089,15.0,['LIB'],1
2734326,C7H6BNO2,B(C1=CC=C(C=C1)C#N)(O)O,0000037182623000000000000000000000000000000000000000300000000000000000010000281C00000800000C0081180030008000000090062042000022000020000008880000008808A02280111080200020800008880F0080000E00000000000000000000000000000000000000000000,64.3,147.0491586,11.0,"['Other', 'SIB', 'LIB']",1
4192665,C11H16BNO2,B(C1=CC=C(C=C1)N2CCCCC2)(O)O,00000371E27230000000000000000000000000000000000000003C4000000000000000010000281C00000800000808C1100430C083000000800024424000820000210200088800086488082022C09191842008608000C8C8071000000000000000000000000000000000000000000000000000,43.7,205.1274089,15.0,['LIB'],1
2773292,C6H4BBrF2O2,B(C1=C(C(=C(C=C1)Br)F)F)(O)O,000003718260318000100000000000000000000000000000000030000000000000000001000028190040080001A8008010083000800000008000204200000200002000040888000000A8082022801010802000208000088A170000000000000000000000000000000000000000000000000000,40.5,235.94558,12.0,['LIB'],0
7628,BH3O3,B(O)(O)O,00000371020030000000000000000000000000000000000000000000000000000000000000000800000008000000000000000000000000000000000000000000000000000000000000000000000000000000000000000000000000000000000000000000000000000000000000000000000000,60.7,62.0175241,4.0,"['MIB', 'LIB', 'SIB', 'Other', 'LMB', 'ZIB']",1
12067062,C11H15BBrNO2,B1(OC(C(O1)(C)C)(C)C)C2=CC(=CN=C2)Br,00000371C27230000010000000000000000000000001200000002C0000000000000000018000281E0040000001AC44C192043E8092081000A0003067440082802031002400D8202844B80920E2C09191842008608000C8CA161000000880000000000000000000000000000000000000000000,31.4,283.03792,16.0,['LIB'],1
66687538,C7H7BO3,B(C1=CC=CC=C1)(O)OC=O,0000037182603000000000000000000000000000000000000000300000000000000000010000281A000008000008008010033008800000008800204288000200002000000888000000880820228011108020002080000888070000000000000000000000000000000000000000000000000000,46.5,150.0488242,11.0,['LIB'],1
22237819,C6H4BF3O3,B(O)(O)OC1=C(C=C(C=C1F)F)F,0000037182603180000000000000000000000000000000000000300000000000000000010000081B0000080000080480900830068000000080002042000002000020200000880004088808262280111280300024C0110888078040000000000000000000000000000000000000000000000000,49.7,192.0205586,13.0,['Other'],0
44717470,C6H6BFO3,B(C1=CC(=C(C=C1)F)O)(O)O,0000037182603100000000000000000000000000000000000000300000000000000000010000281B0000080000080480900830068000020080002042000002000020200008880006088808262282111280700024C0110898078040000000000000000000000000000000000000000000000000,60.7,156.0394024,11.0,['LIB'],0
4683185,C2H5BO2,B(C=C)(O)O,00000371824030000000000000000000000000000000000000000000000000000000000000002818000008000000008000000000000000008000000200000000000000000800000000000000000000000000000000000000000000000000000000000000000000000000000000000000000000,40.5,72.0382596,5.0,['LIB'],1
66227,BN,B#N,00000371020200000000000000000000000000000000000000000000000000000000000000001000000000000000000000000000000000000000000000000000000000000000000000000000000000000000000000000000000000000000000000000000000000000000000000000000000000,23.8,25.0123792,2.0,"['MIB', 'LMB', 'LIB', 'ZIB', 'Other', 'SIB']",1
58012946,C12H15BO2S2,B1(OC(C(O1)(C)C)(C)C)C2=CC3=C(S2)C=CS3,00000371C270300060000000000000000000000000012244800000000000000012000001F800281A04000000000C4484D000B20180000008840020420000030080200810488818000088092022A010108020002080002888070000000880000000000000000000000000000000000000000000,74.9,266.0606522,17.0,['LIB'],1
18373963,C6H6BNO5,B(O)(O)OC1=CC=C(C=C1)[N+](=O)[O-],0000037182623800000000000000000000000000000000000000300000000000000000010000081E0004080000080C81900030C680104000810024424300820000202200288800066C8A08262280919380300064C01108C807B040000000400000000000000080000000000000000000000000,95.5,183.0339025,13.0,['Other'],0
66827,C6H7BO2,B(C1=CC=CC=C1)(O)O,00000371826030000000000000000000000000000000000000003000000000000000000100002818000008000008008010003000800000008000204200000200002000000888000000880820228011108020002080000888070000000000000000000000000000000000000000000000000000,40.5,122.0539096,9.0,"['MIB', 'LMB', 'LIB', 'SIB', 'Other']",1
2734314,C13H13BO3,B(C1=CC=C(C=C1)OCC2=CC=CC=C2)(O)O,00000371C2703000000000000000000000000000000000000000306000000000000000014000281A00000800000C04A098023006800004008002204200000208002020000888000608880C262284311A823820A4C01108A80780C0200E00000000000000000000000000000000000000000000,49.7,228.0957744,17.0,['LIB'],0
11315599,C21H21B3O6,B1(OB(OB(O1)C2=CC=C(C=C2)OC)C3=CC=C(C=C3)OC)C4=CC=C(C=C4)OC,00000371E37838000000000000000000000000000000000000003460C1000000000000015000281A000000000008048090023206800004008000204200000208002020000888000608880C262284311A80302024C01108A8078040000000000000000000000000000000000000000000000000,55.4,402.1617289,30.0,['LIB'],1
10986154,B2H4O4,B(B(O)O)(O)O,00000371830038000000000000000000000000000000000000000000000000000000000000004800000008000000000000000000000000000000000000000000000000000000000000000000000000000000000000000000000000000000000000000000000000000000000000000000000000,80.9,90.0295689,6.0,"['Other', 'LMB', 'LIB']",1
581760,C4H5BO2S,B(C1=CSC=C1)(O)O,0000037182603000400000000000000000000000000120000000000000000000000000018000281804000800000800845000B001800000088400204200000300802008104888180000880820002001000000000000002000000000000000000000000000000000000000000000000000000000,68.7,128.0103307,8.0,"['MIB', 'LIB', 'SIB', 'Other']",1
24866232,C6H6BIO2,B(C1=CC=CC=C1I)(O)O,00000371826030000002000000000000000000000000000000003000000000000000000100002818002008000008008210003000800000008000204200000200002000000888000000880820228011108020002080000888070000000000000000000000000000000000000000000000000000,40.5,247.95056,10.0,['LIB'],1
9816075,B4K2O7,B1(OB2OB(OB(O1)O2)[O-])[O-].[K+].[K+],00000371038038000060000000000000000000000000000000002448000000001200000000000800000000000000000000000000000000000000000000000000000000000000000000000000000000000000000000000000000000000000000000000000000000000000000000000000000000,92.3,233.929036,13.0,"['ZIB', 'LIB', 'LMB', 'Other']",1
2734334,C6H5BF2O2,B(C1=C(C=C(C=C1)F)F)(O)O,00000371826031800000000000000000000000000000000000003000000000000000000100002819000008000008008010083000800000008000204200000200002000000888000000880820228011108020002080000888070000000000000000000000000000000000000000000000000000,40.5,158.0350659,11.0,['LIB'],0
2760897,C3H7BO2,B(C1CC1)(O)O,00000371824030000000000000000000000018000000000000000000000000000000000000002818000008000008008000000000000000000000000000000000000000000000000000000000000000000000000000000000000000000000000000000000000000000000000000000000000000,40.5,86.0539096,6.0,['LIB'],1
292189,C7H7BO3,B(C1=CC=CC=C1C=O)(O)O,0000037182603000000000000000000000000000000000000000300000000000000000010000281A00000800000C00A098023000800000008802285280000200002400000888010000C80820328015108021002080000889870888008E00000000000000000000000000000000000000000000,57.5,150.0488242,11.0,['LIB'],0
2734358,C4H5BO3,B(C1=COC=C1)(O)O,0000037182603000000000000000000000000000000120000000000000000000000000018000281A00000800000800A090023004800004408800285280000208002420000888010608C80C261004250A0219208440110021800000000000000000000000000000000000000000000000000000,53.6,112.0331742,8.0,"['MIB', 'LIB']",1
2734371,C7H7BO4,B(C1=CC2=C(C=C1)OCO2)(O)O,0000037182603800000000000000000000000000000120000000300000000000000048010000281A00000800000804809003300E800004008000204200000208002020000888000688881D262284311AA0302224C0110EA8078040000000000000000040000000000000008000000000000000,58.9,166.0437389,12.0,['LIB'],1
12712,C12H27BO3,B(OCCCC)(OCCCC)OCCCC,00000371E2703000000000000000000000000000000000000000000000000000000000000000081A00000000000800A080020200000000000000000000000000000000000000000000000000000000000000000400000000000000000000000000000000000000000000000000000000000000,27.7,230.2053249,16.0,"['MIB', 'LMB', 'LIB', 'SIB', 'Other']",1
18617005,C7H9BO3,B(C1=C(C=CC(=C1)C)O)(O)O,00000371C2603000000000000000000000000000000000000000300000000000000000010000281A00000800000C0480980032068000020080022042000002000020200008880006088808262282111280700024C01108980780C0000E20000000000000004000000000000000000000000000,60.7,152.0644743,11.0,['LIB'],0
2734385,C7H6BF3O3,B(C1=CC(=CC=C1)OC(F)(F)F)(O)O,0000037182603180000000000000000000000000000000000000300000000000000000010000281B000008000008048090103006800004008000204200000208002020000888000608880C262284311A80302024C01108A8078040000000000000000000000000000000000000000000000000,49.7,206.0362087,14.0,['LMB'],1
2782667,C8H5BF6O2,B(C1=C(C=C(C=C1)C(F)(F)F)C(F)(F)F)(O)O,00000371827031C0000000000000000000000000000000000000300000000000000000010000281900000800000C008018103000800000008002204200000200002000000888000000880820228011108020002080000888070080400E00000200000000000000040000000000000000000000,40.5,258.0286785,17.0,['LIB'],1
22283558,C7H6BF3O3,B(O)(O)OC1=CC=CC(=C1)C(F)(F)F,0000037182603180000000000000000000000000000000000000300000000000000000010000081B00000800000C0480981030068000000080022042000002000020200008880006088808262280111280300024C01108880780C0100E00000100000000000000020000000000000000000000,49.7,206.0362087,14.0,['Other'],0
2734310,C8H9BO3,B(C1=CC(=CC=C1)C(=O)C)(O)O,00000371C2703000000000000000000000000000000000000000300000000000000000010000281A00000800000C048098003200800000008802A05200000200002400000888010000C80820328015108021002080000889870888808E00000000000000000000000000000000000000000000,57.5,164.0644743,12.0,"['LIB', 'Other']",0
2734359,C6H7BO3,B(C1=CC(=CC=C1)O)(O)O,0000037182603000000000000000000000000000000000000000300000000000000000010000281A0000080000080480900030068000020080002042000002000020200008880006088808262282111280700024C0110898078040000000000000000000000000000000000000000000000000,60.7,138.0488242,10.0,['LIB'],1
13862916,C7H9BO3,B(O)(O)OC1=CC=CC=C1C,00000371C2603000000000000000000000000000000000000000300000000000000000010000081A00000800000C0480980032068000000080022042000002000020200008880006088808262280111280300024C01108880780C0200E00000000000800000000000000100000000000000000,49.7,152.0644743,11.0,['LIB'],0
16211214,B4H20Na2O17,B1(OB2OB(OB(O1)O2)[O-])[O-].O.O.O.O.O.O.O.O.O.O.[Na+].[Na+],00000371E3803E300000000000000000000000000000000000002448000000001200000000000800000008000000000000000000000000000000000000000000000000000000000000000000000000000000000000000000000000000000000000000000000000000000000000000000000000,102.0,382.0868084,23.0,"['LMB', 'ZIB', 'LIB', 'SIB', 'Other']",1
2734320,C10H15BO2,B(C1=CC=C(C=C1)C(C)(C)C)(O)O,00000371C2703000000000000000000000000000000000000000300000000000000000010000281800000800000E008018003200800000008002204200000200002000000888000000880820228011108020002080000888070080C00F80000000000000000000000000000000000000000000,40.5,178.1165099,13.0,['LIB'],1
582056,C18BF15,B(C1=C(C(=C(C(=C1F)F)F)F)F)(C2=C(C(=C(C(=C2F)F)F)F)F)C3=C(C(=C(C(=C3F)F)F)F)F,00000371027801C00000000000000000000000000000000000003060C00000000000000150002009000000000008000010080000800000008000004000000200002000000088000000880820228010108020002080000888070000000000000000000000000000000000000000000000000000,0.0,511.9853526,34.0,"['MIB', 'LIB', 'SIB', 'Other', 'LMB']",1
2734337,C6H5BF2O2,B(C1=CC(=C(C=C1)F)F)(O)O,00000371826031800000000000000000000000000000000000003000000000000000000100002819000008000008008010083000800000008000204200000200002000000888000000880820228011108020002080000888070000000000000000000000000000000000000000000000000000,40.5,158.0350659,11.0,['LIB'],0
17793411,C8H5BF6O3,B(O)(O)OC1=CC(=CC(=C1)C(F)(F)F)C(F)(F)F,00000371827031C0000000000000000000000000000000000000300000000000000000010000081B00000800000C0480981030068000000080022042000002000020200000880006088808262280111280300024C01108880780C0500E00000300000000000000060000000000000000000000,49.7,274.0235932,18.0,"['ZIB', 'LIB']",1
21091620,C8H11BO3,B(C1=CC(=CC=C1)CCO)(O)O,00000371C2703000000000000000000000000000000000000000300000000000000000010000281A00000800000C00A0980230008000020080022042000002000020000008880000008808302280111080600024C00108880780C0A00E00000000000000000000000000000000000000000000,60.7,166.0801244,12.0,['LIB'],0
2783239,C8H5BF6O2,B(C1=C(C=CC=C1C(F)(F)F)C(F)(F)F)(O)O,00000371827031C0000000000000000000000000000000000000300000000000000000010000281900000800000C008018103000800000008002204200000200002000000888000000880820228011108020002080000888070080400E00000200000000000000040000000000000000000000,40.5,258.0286785,17.0,['LIB'],0
2734379,C5H6BNO2,B(C1=CC=NC=C1)(O)O,00000371826230000000000000000000000000000000000000002C0000000000000000018000281C00000800000800C112043C8092081000A0003067440082802031022008D820386498082062C09191842008608000C8C8061000000000000000000000000000000000000000000000000000,53.4,123.0491586,9.0,"['MIB', 'SIB', 'LIB']",1
18008160,C8H9BO3,B(O)(O)OC1=CC=C(C=C1)C=C,00000371C2703000000000000000000000000000000000000000300000000000000000010000081A00000800000C0480980030068000000080022042000002000020200008880006088808262280111280300024C01108880780C0000E20000000000000004000000000000000000000000000,49.7,164.0644743,12.0,['LIB'],1
16218401,C8H8BNO2,B(C1=C(C=C(C=C1)C#N)C)(O)O,00000371C2723000000000000000000000000000000000000000300000000000000000010000281C00000800000C0081180032008000000090062042000022000020000008880000008808A02280111080200020800008880F0080400E00000200000000000000040000000000000000000000,64.3,161.0648087,12.0,"['Other', 'LIB', 'LMB']",1
3779933,C10H13BO4,B(C1=CC=C(C=C1)CCC(=O)OC)(O)O,00000371C2703800000000000000000000000000000000000000300000000000000000010000281A00000800000C00809802320880000400880220D2080002000020000008880100008808203280111080200024800008880788C8A08E00000000000000000000000000000000000000000000,66.8,208.0906891,15.0,['Other'],0
10321331,C9H10BNO3,B(C1=CC(=CC=C1)NC(=O)C=C)(O)O,00000371C2723000000000000000000000000000000000000000300000000000000000010000281E0010080000080881900030C082C000008800255250008200002102000888000064C8082022C09191842008609400C8C8871000000000000000000000000000000000000000000000000000,69.6,191.0753733,14.0,"['LIB', 'LMB']",1
21708089,C7H6BNO3,B(O)(O)OC1=CC=CC=C1C#N,0000037182623000000000000000000000000000000000000000300000000000000000010000081E00000800000C0481980030068000000090062042000022000020200008880006088808A62280111280300024C01108880F80C0200E00000000000800000000000000100000000000000000,73.5,163.0440732,12.0,['SIB'],1
75360847,C9H6BF15O3,B(OCC(C(F)(F)F)(F)F)(OCC(C(F)(F)F)(F)F)OCC(C(F)(F)F)(F)F,00000371827031C0000000000000000000000000000000000000000000000000000000000000081B00000000000800A080120000000000000000000000000000000000000000000000000000000000000000000000000000000000000000000000000000000000000000000000000000000000,27.7,458.0170466,28.0,"['LIB', 'LMB', 'MIB']",1
2734689,C6H5BBr2O2,B(C1=CC(=CC(=C1)Br)Br)(O)O,000003718260300000180000000000000000000000000000000030000000000000000001000028180040080001A8008010003000800000008000204200000200002000040088000000A8082022801110802000208000088A170000000000000000002000000000000000400000000000000000,40.5,277.87493,11.0,"['LIB', 'Other']",1
23033858,C18H15BO2,B(C1=CC=CC=C1C2=CC=CC(=C2)C3=CC=CC=C3)(O)O,00000371C27830000000000000000000000000000000000000003060C0000000000000015000281800000800000C008018003000800000008002204200000200002000000888000000880820228011108020002080000888070080C00E80000200000000000000040000000000000000000000,40.5,274.1165099,21.0,['LIB'],1
2783270,C5H5BFNO2,B(C1=C(N=CC=C1)F)(O)O,00000371826231000000000000000000000000000000000000002C0000000000000000018000281D00000800000800C1120C3C8092081000A0003067440082802031022008D8203864980820E2C09191842008608000C8C8061000000000000000000000000000000000000000000000000000,53.4,141.0397367,10.0,['LMB'],1
2773335,C6H5BBrFO2,B(C1=CC(=C(C=C1)Br)F)(O)O,000003718260310000100000000000000000000000000000000030000000000000000001000028190040080001A8008010083000800000008000204200000200002000040888000000A8082022801110802000208000088A170000000000000000000000000000000000000000000000000000,40.5,217.955,11.0,['LIB'],0
2783273,C6H3BF4O2,B(C1=CC(=C(C(=C1F)F)F)F)(O)O,00000371026031C00000000000000000000000000000000000003000000000000000000100002819000008000008008010083000800000008000204200000200002000000088000000880820228010108020002080000888070000000000000000000000000000000000000000000000000000,40.5,194.0162221,13.0,['LIB'],0
2763205,C8H8BNO2,B(C1=CC2=C(C=C1)C=CN2)(O)O,00000371C272300000000000000000000000000000016000000030000000000000005801F000281C00100800000C08C11E043CC0F2C99000A0033467440082802031022008D9A03864980820E2C09191842008609000C8C8071080800E00000000000200000000000000040000000000000000,56.3,161.0648087,12.0,['Other'],0
2794717,C10H14BNO2,B1(OCC(CO1)(C)C)C2=CN=CC=C2,00000371C27230000000000000000000000000000000000000002C4800000000000000018000281E00000000000E00E192063E8092081000A0003067440082802031022008D8203864980820E2C09191842008618000C8C8061000000000000000000000000000000000000000000000000000,31.4,191.1117589,14.0,['LIB'],1
2734389,C7H6BF3O2,B(C1=CC=C(C=C1)C(F)(F)F)(O)O,0000037182603180000000000000000000000000000000000000300000000000000000010000281900000800000C008018103000800000008002204200000200002000000888000000880820228011108020002080000888070080000E00000000000000000000000000000000000000000000,40.5,190.0412941,13.0,"['LIB', 'LMB']",1
2734344,C8H12BNO2,B(C1=CC=C(C=C1)N(C)C)(O)O,00000371C2723000000000000000000000000000000000000000300000000000000000010000281C0000080000080881100432C083000000800024424000820000210200088800086488082022C0919184200860800048C8071000000000000000000000000000000000000000000000000000,43.7,165.0961088,12.0,['LIB'],1
254532,C10H9BO2,B(C1=CC=CC2=CC=CC=C12)(O)O,00000371C2703000000000000000000000000000000000000000306000000000000000C15000281800000800000C008018003000C00000008002204200000200002000000888000000880820228011108020002080000888070080800E80000000001000000000000000200000000000000000,40.5,172.0695597,13.0,"['MIB', 'LIB']",1
2734393,C8H9BO2,B(C1=CC=C(C=C1)C=C)(O)O,00000371C2703000000000000000000000000000000000000000300000000000000000010000281800000800000C008018003000800000008002204200000200002000000888000000880820228011108020002080000888070080000E00000000000000000000000000000000000000000000,40.5,148.0695597,11.0,['LIB'],1
2734702,C8H11BO4,B(C1=CC(=C(C=C1)OC)OC)(O)O,00000371C2703800000000000000000000000000000000000000300000000000000000010000281A000008000008048090023206800004008000204200000208002020000888000688880D262284311A80302224C0110AA8078040000000000000000040000000000000008000000000000000,58.9,182.075039,13.0,['SIB'],0
2734386,C7H6BF3O3,B(C1=CC=C(C=C1)OC(F)(F)F)(O)O,0000037182603180000000000000000000000000000000000000300000000000000000010000281B000008000008048090103006800004008000204200000208002020000888000608880C262284311A80302024C01108A8078040000000000000000000000000000000000000000000000000,49.7,206.0362087,14.0,"['LIB', 'LMB']",1
70062761,C6H5BBr2O2,B(C1=CC(=C(C=C1)Br)Br)(O)O,000003718260300000180000000000000000000000000000000030000000000000000001000028180040080001A8008010003000800000008000204200000200002000040888000000A8082022801110802000208000088A170000000000000000000000010000000000000002000000000000,40.5,277.87493,11.0,['LIB'],1
46318122,C13H20BNO3,B1(OC(C(O1)(C)C)(C)C)C2=CC(=CN=C2OC)C,00000371E27230000000000000000000000000000001200000002C0000000000000000018000281E00000000000C44C19A063E8492081400A0023067440082882031202000D8202C4C980D26E2C4B19B84302864C011C8E8069010000C80000000000000000000000000000000000000000000,40.6,249.1536237,18.0,"['LMB', 'LIB']",1
2734329,C12H9BO2S,B(C1=C2C(=CC=C1)C3=CC=CC=C3S2)(O)O,00000371C270300040000000000000000000000000012000000030600000000000004801FC00281804000800000C008058003001C0000008840220420000030080200810488818000088082022A011108020002080002888070080C00E80000000000400000000000000080000000000000000,68.7,228.0416309,16.0,['LIB'],1
17793420,C7H6BF3O3,B(O)(O)OC1=CC=C(C=C1)C(F)(F)F,0000037182603180000000000000000000000000000000000000300000000000000000010000081B00000800000C0480981030068000000080022042000002000020200008880006088808262280111280300024C01108880780C0000E20000000000000004000000000000000000000000000,49.7,206.0362087,14.0,"['SIB', 'LIB']",1
17810664,C6H6BClO3,B(O)(O)OC1=CC=C(C=C1)Cl,0000037182603000040000000000000000000000000000000000300000000000000000010000081A02000800000806809020300680000000800020420000020000202500088800060A8808262281131280300024C0110888078040000000200000000000000040000000000000000000000000,49.7,172.0098519,11.0,"['Other', 'LIB']",1
16753190,C9H18BNO4,B([C@H]1CCCN1C(=O)OC(C)(C)C)(O)O,00000371E2723800000000000000000000000000000160000000000000000000000000000000281E00000800000C44C180040208030004000800000018000000000000000000000800000000000080000C00000006008000000000000000000000000000000000000000000000000000000000,70.0,215.1328882,15.0,['LIB'],1
2734325,C7H6BNO2,B(C1=CC(=CC=C1)C#N)(O)O,0000037182623000000000000000000000000000000000000000300000000000000000010000281C00000800000C0081180030008000000090062042000022000020000008880000008808A02280111080200020800008880F0080000E00000000000000000000000000000000000000000000,64.3,147.0491586,11.0,['LIB'],1
2734338,C6H5BF2O2,B(C1=CC(=CC(=C1)F)F)(O)O,00000371826031800000000000000000000000000000000000003000000000000000000100002819000008000008008010083000800000008000204200000200002000000088000000880820228011108020002080000888070000000000000000000000000000000000000000000000000000,40.5,158.0350659,11.0,['LIB'],0
94428,C17H13NO8S2,C1=CC=C(C(=C1)C=NC2=C3C(=CC(=C2)S(=O)(=O)O)C=C(C=C3O)S(=O)(=O)O)O,00000371C07A3C006000000000000000000000000000000000003060C0000000000000C15400001E04000800000C0CC1D80430C7C2000282A00234634470C20040202200088818266C980826A282919380700466C01908D80790C0B00E900001C4201A00002000038840340000000000000000,178.0,423.00825872,28.0,['LIB'],1
8470,C3H9BO3,B(OC)(OC)OC,00000371C24030000000000000000000000000000000000000000000000000000000000000000812000000000000000000020200000000000000000000000000000000000000000000000000000000000000000000000000000000000000000000000000000000000000000000000000000000,27.7,104.0644743,7.0,"['MIB', 'LIB', 'SIB', 'Other', 'LMB', 'ZIB']",1
2734375,C10H9BO2,B(C1=CC2=CC=CC=C2C=C1)(O)O,00000371C2703000000000000000000000000000000000000000306000000000000000C15000281800000800000C008018003000C00000008002204200000200002000000888000000880820228011108020002080000888070080800E80000000001000000000000000200000000000000000,40.5,172.0695597,13.0,['LIB'],0
4198743,C5H4BNO2S,B(C1=CC=C(S1)C#N)(O)O,0000037182623000400000000000000000000000000120000000000000000000000000018000281C0400080000080081500030018000000894042042000023008020081048881800008808A022A0101080000020800028880E0000000000000000000000000000000000000000000000000000,92.5,153.0055797,10.0,['LIB'],1
2763171,C9H17BO2,B1(OC(C(O1)(C)C)(C)C)CC=C,00000371E2703000000000000000000000000000000120000000000000000000000000000000281A00000000000C448080000200000000008000204200000000000000000800000000000100000001000000000000000000000000000880000000000000000000000000000000000000000000,18.5,168.1321599,12.0,"['LMB', 'LIB']",1
3697076,C14H23BO4,B1(OC(C(O1)(C)C)(C)C)C2=CCC3(CC2)OCCO3,00000371E2703800000000000000000000000000000122400000200000000000000000000000281A00000000000C44A0800202080000040080002042000000000020000000080000000811000200010022000004C0000E00030000000880000000000000000000000000000000000000000000,36.9,266.1689394,19.0,['LIB'],1
10755376,C12H16BBrO2,B1(OC(C(O1)(C)C)(C)C)C2=CC=C(C=C2)Br,00000371E2703000001000000000000000000000000120000000300000000000000000010000281A0040000001AC448090003200800000008000204200000200002000040888000000A8092022801110802000208000088A170000000880000000000000000000000000000000000000000000,18.5,282.04267,16.0,['LMB'],1
23435605,C7H5BFNO2,B(C1=CC(=CC(=C1)F)C#N)(O)O,0000037182623100000000000000000000000000000000000000300000000000000000010000281D00000800000C0081180830008000000090062042000022000020000000880000008808A02280111080200020800008880F0080000E00000000000000000000000000000000000000000000,64.3,165.0397367,12.0,['LIB'],1
2734624,C12H17BO3,B1(OC(C(O1)(C)C)(C)C)C2=CC=C(C=C2)O,00000371E2703000000000000000000000000000000120000000300000000000000000010000281A00000800000C4480900032068000020080002042000002000020200008880006088809262282111280700024C0110898078040000880000000000000000000000000000000000000000000,38.7,220.1270746,16.0,"['Other', 'LIB']",0
2763299,C4H9BO2,B(C=C(C)C)(O)O,00000371C2603000000000000000000000000000000000000000000000000000000000000000281800000800000C008000000200000000008002004200000000000000000000000000000000000001000000000000000000000000000000000000000000000000000000000000000000000000,40.5,100.0695597,7.0,['LIB'],1
15510213,C14H11BO2,B(C1=C2C=CC=CC2=CC3=CC=CC=C13)(O)O,00000371C27030000000000000000000000000000000000000003060C0000000000000C15400281800000800000C008018003000C00000008002204200000200002000000888000000880820228011108020002080000888070080C00EC0000200001000008000040000200000000000000000,40.5,222.0852098,17.0,"['MIB', 'LIB', 'Other']",0
129761408,C9H10BNO4,B(O)(O)OC1=CC=CC(=C1)NC(=O)C=C,00000371C2723800000000000000000000000000000000000000300000000000000000010000081E0010080000080C81900030C682C00000880025525000820000212200088800066CC8082622C0919384300866D419C8C8879050030000000002000000000000000400000000000000000000,78.8,207.070288,15.0,"['LMB', 'LIB']",1
2734354,C6H6BFO2,B(C1=CC=CC=C1F)(O)O,00000371826031000000000000000000000000000000000000003000000000000000000100002819000008000008008010083000800000008000204200000200002000000888000000880820228011108020002080000888070000000000000000000000000000000000000000000000000000,40.5,140.0444878,10.0,"['SIB', 'LIB']",1
2773333,C6H5BBrFO2,B(C1=C(C=C(C=C1)Br)F)(O)O,000003718260310000100000000000000000000000000000000030000000000000000001000028190040080001A8008010083000800000008000204200000200002000040888000000A8082022801110802000208000088A170000000000000000000000000000000000000000000000000000,40.5,217.955,11.0,['LIB'],0
15181925,C13H25BO2,B1(OC(C(O1)(C)C)(C)C)/C=C/CCCCC,00000371E2703000000000000000000000000000000120000000000000000000000000000000281A00000000000C448080000200000000008000204200000000002000000800000000080100020001000000000080000000010000000880000000000000000000000000000000000000000000,18.5,224.1947602,16.0,['LIB'],0
5233012,C8H15BO2,B1(OC(C(O1)(C)C)(C)C)C=C,00000371C2703000000000000000000000000000000120000000000000000000000000000000281A00000000000C448080000200000000008000000200000000000000000800000000000100000000000000000000000000000000000880000000000000000000000000000000000000000000,18.5,154.1165099,11.0,"['Other', 'LIB']",1
21895836,C6H8BNO3,B(O)(O)OC1=CC=CC(=C1)N,00000371C2623000000000000000000000000000000000000000300000000000000000010000081E0010080000080C81900030C680400000800024424000820000202200088800066C8808262280919380300066D01908C8079050010000000002000000000000000400000000000000000000,75.7,153.0597233,11.0,['LIB'],1
4683195,C8H9BO4,B(C1=C2C(=CC=C1)OCCO2)(O)O,00000371C2703800000000000000000000000000000000000000344000000000000000910000281A00000800000804A090023006800004008000204200000208002020000888000688880D262284311A823822A4C0110AA8078040000000000000000040000000000000008000000000000000,58.9,180.0593889,13.0,"['LMB', 'LIB', 'Other', 'SIB']",1
3672173,C9H13BO3,B(C1=CC(=CC=C1)CCCO)(O)O,00000371C2703000000000000000000000000000000000000000300000000000000000010000281A00000800000C00A0980230008000020080022042000002000020000008880000008808302280111080600024800008880780C0A00E00000000000000000000000000000000000000000000,60.7,180.0957744,13.0,['LIB'],0
425307,C6H9BO6,B(OC(=O)C)(OC(=O)C)OC(=O)C,00000371C2603800000000000000000000000000000000000000000000000000000000000000081A000000000000008080000208000000000800009008000000000000000000000000000000000000000000000000000000000000000000000000000000000000000000000000000000000000,78.9,188.0492182,13.0,['LIB'],1
44630523,C54H39B3O3,B1(OB(OB(O1)C2=CC(=CC(=C2)C3=CC=CC=C3)C4=CC=CC=C4)C5=CC(=CC(=C5)C6=CC=CC=C6)C7=CC=CC=C7)C8=CC(=CC(=C8)C9=CC=CC=C9)C1=CC=CC=C1,00000371F37C30000000000000000000000000000000000000003460C1830000000000015400281800000000000C008018003000800000008002204200000200002000000888000000880820228011108020002080000888070080C00E80000200000000000000040000000000000000000000,27.7,768.3178356,60.0,['LIB'],1
2782673,C7H8BFO3,B(C1=C(C=CC(=C1)F)OC)(O)O,00000371C2603100000000000000000000000000000000000000300000000000000000010000281B0000080000080480900A3206800004008000204200000208002020000888000608880C262284311A80302024C01108A8078040000000000000000000000000000000000000000000000000,49.7,170.0550524,12.0,['LIB'],1
2734367,C8H9BO4,B(C1=C(C=CC(=C1)C=O)OC)(O)O,00000371C2703800000000000000000000000000000000000000300000000000000000010000281A00000800000C04A098023206800004008802285280000208002420000888010608C80C263284351A80312024C01108A98788CC00CE20000000000000004000000000000000000000000000,66.8,180.0593889,13.0,['LIB'],0
2734750,C3H9BO2,B(C(C)C)(O)O,00000371C24030000000000000000000000000000000000000000000000000000000000000002818000008000008008000000200000000000000000000000000000000000000000000000000000000000000000000000000000000000000000000000000000000000000000000000000000000,40.5,88.0695597,6.0,['LIB'],0
22480132,C8H9BO4,B(C1=CC(=CC=C1)CC(=O)O)(O)O,00000371C2703800000000000000000000000000000000000000300000000000000000010000281A00000800000C00809800300880000200880220D2080002000020000008880100008808203280151080600024C00108880788C8A08E00000000000000000000000000000000000000000000,77.8,180.0593889,13.0,['LIB'],0
2734347,C8H11BO2,B(C1=C(C=CC(=C1)C)C)(O)O,00000371C2703000000000000000000000000000000000000000300000000000000000010000281800000800000C008018003200800000008002204200000200002000000888000000880820228011108020002080000888070080000E40000000000000008000000000000000000000000000,40.5,150.0852098,11.0,['SIB'],0
22237831,C6H6BFO3,B(O)(O)OC1=CC=CC=C1F,0000037182603100000000000000000000000000000000000000300000000000000000010000081B0000080000080480900830068000000080002042000002000020200008880006088808262280111280300024C0110888078040000000000000000000000000000000000000000000000000,49.7,156.0394024,11.0,['Other'],0
2734335,C6H5BF2O2,B(C1=C(C=CC(=C1)F)F)(O)O,00000371826031800000000000000000000000000000000000003000000000000000000100002819000008000008008010083000800000008000204200000200002000000888000000880820228011108020002080000888070000000000000000000000000000000000000000000000000000,40.5,158.0350659,11.0,['LIB'],0
150745108,C6H6BClO4,B(O)(O)OC1=CC=CC=C1OCl,0000037182603800040000000000000000000000000000000000300000000000000000010000081A0000080000080480900030068000000080002042000002000020200008880006888809262280111280300024C0110888078040000000000000000040000000000000008000000000000000,58.9,188.0047665,12.0,['Other'],0
2783280,C6H4BF3O2,B(C1=C(C(=C(C=C1)F)F)F)(O)O,00000371826031800000000000000000000000000000000000003000000000000000000100002819000008000008008010083000800000008000204200000200002000000888000000880820228010108020002080000888070000000000000000000000000000000000000000000000000000,40.5,176.025644,12.0,['Other'],0
2359,C8H7BO2S,B(C1=CC2=CC=CC=C2S1)(O)O,000003718270300040000000000000000000000000012000000030000000000000004801F000281804000800000C008058003001C0000008840220420000030080200810488818000088082022A011108020002080002888070080800E00000000000400000000000000080000000000000000,68.7,178.0259808,12.0,['LIB'],1
18424486,C6H5BF2O3,B(O)(O)OC1=C(C=CC(=C1)F)F,0000037182603180000000000000000000000000000000000000300000000000000000010000081B0000080000080480900830068000000080002042000002000020200008880006088808262280111280300024C0110888078040000000000000000000000000000000000000000000000000,49.7,174.0299805,12.0,['Other'],0
12067061,C11H15BBrNO2,B1(OC(C(O1)(C)C)(C)C)C2=C(N=CC=C2)Br,00000371C27230000010000000000000000000000001200000002C0000000000000000018000281E00400000013C44C192043E8092081000A0003067440082802031022408D8203864B80920E2C09191842008608000C8CA161000000880000000000000000000000000000000000000000000,31.4,283.03792,16.0,['LIB'],1
2734321,C9H14BNO4,B(C1=CC=CN1C(=O)OC(C)(C)C)(O)O,00000371C2723800000000000000000000000000000160000000000000000000000000018000281E00000800000C44C192043E88930C1400A80030675C0082802031022008D8203864980820C04081810C0008400600C040000000000000000000000000000000000000000000000000000000,71.7,211.1015881,15.0,['Other'],0
2758659,C14H22BNO2,B1(OC(C(O1)(C)C)(C)C)C2=CC=C(C=C2)N(C)C,00000371E2723000000000000000000000000000000120000000300000000000000000010000281E00000000000C4C81900432C083000000800024424000820000210200088800086488092022C0919184200860800048C8071000000880000000000000000000000000000000000000000000,21.7,247.1743591,18.0,"['Other', 'LIB']",1
2783274,C6H3BF4O2,B(C1=C(C(=C(C=C1F)F)F)F)(O)O,00000371026031C00000000000000000000000000000000000003000000000000000000100002819000008000008008010083000800000008000204200000200002000000088000000880820228010108020002080000888070000000000000000000000000000000000000000000000000000,40.5,194.0162221,13.0,['LIB'],0
2734313,C13H13BO3,B(C1=CC(=CC=C1)OCC2=CC=CC=C2)(O)O,00000371C2703000000000000000000000000000000000000000306000000000000000014000281A00000800000C04A098023006800004008002204200000208002020000888000608880C262284311A823820A4C01108A80780C0200E00000000000000000000000000000000000000000000,49.7,228.0957744,17.0,['LIB'],0
2734377,C12H11BO3,B(C1=CC=C(C=C1)OC2=CC=CC=C2)(O)O,00000371C2703000000000000000000000000000000000000000306000000000000000014000281A000008000008048090003006800004008000204200000208002020000888000608880C262284311A823820A4C01108A8078040000000000000000000000000000000000000000000000000,49.7,214.0801244,16.0,"['MIB', 'LIB']",1
123269,B2S3,B(=S)SB=S,00000371030000006000000000000000000000000000000000000000000000000000000000000080000000000000000000000000000000000000000000000000000000000000000000000000000000000000000000000000000000000000000000000000000000000000000000000000000000,89.5,117.9348239,5.0,"['LIB', 'LMB', 'Other']",1
4683196,C7H6BNO2S,B(C1=CC2=C(C=C1)N=CS2)(O)O,000003718262300040000000000000000000000000016000000030000000000000005801F000281C04000800000808815604B4C1B2081008A4012463440083F0A0710A3848D83C3864980820A2E0919184200860800048C8071000000000000000000001000000000000000200000000000000,81.6,179.0212298,12.0,['LIB'],1
10975759,C7H15BO3,B1(OC(C(O1)(C)C)(C)C)OC,00000371C2603000000000000000000000000000000120000000000000000000000000000000081A00000000000C448080020200000000000000000000000000000000000000000000000100000000000000000000000000000000000880000000000000000000000000000000000000000000,27.7,158.1114245,11.0,['LMB'],1
45156692,C9H8BF3O2,B(/C=C/C1=CC(=CC=C1)C(F)(F)F)(O)O,00000371C2703180000000000000000000000000000000000000300000000000000000010000281900000800000C008018103000800000008002204200000200002000000888000000880820228011108020002080000888070080400E00000200000000000000040000000000000000000000,40.5,216.0569441,15.0,['LIB'],0
2763201,C7H6BFO4,B(C1=CC(=C(C=C1)C(=O)O)F)(O)O,0000037182603900000000000000000000000000000000000000300000000000000000010000281B00000800000C00809808300880000200880220D208000200002400000888010008C808263280151080710024C00108998788C8208E00000000000000000000000000000000000000000000,77.8,184.034317,13.0,['LIB'],0
